Temperature.C,Nitrogen.conc.µM,Salt.conc.g.l,Chlamy.y.n,Microbe,Plate.at.T,Well.at.T,Notes,Replicate,,,,,,
8,1000,0,y,2,1,1,"GENERAL - noted possible contamination of N7, N8 - compare results to other blocks",2,,,,,,
8,1000,0,y,1,1,2,,3,,,,,,
8,1000,0,n,11,1,3,,2,,,,,,
8,1000,0,n,4,1,4,,1,,,,,,
8,1000,0,y,all,1,5,,1,,,,,,
8,1000,0,BLANK,BLANK,1,6,,BLANK,,,,,,
8,1000,0,BLANK,BLANK,1,7,,BLANK,,,,,,
8,1000,0,BLANK,BLANK,1,8,,BLANK,,,,,,
8,1000,0,y,3,1,9,,3,,,,,,
8,1000,0,y,12,1,10,,2,,,,,,
8,1000,0,y,5,1,11,,3,,,,,,
8,1000,0,y,7,1,12,,1,,,,,,
8,1000,0,n,10,1,13,,1,,,,,,
8,1000,0,n,7,1,14,,1,,,,,,
8,1000,0,n,7,1,15,,3,,,,,,
8,1000,0,y,9,1,16,,3,,,,,,
8,1000,0,n,6,1,17,,2,,,,,,
8,1000,0,BLANK,BLANK,1,18,,BLANK,,,,,,
8,1000,0,y,10,1,19,,1,,,,,,
8,1000,0,n,13,1,20,,3,,,,,,
8,1000,0,n,13,1,21,,1,,,,,,
8,1000,0,n,1,1,22,,1,,,,,,
8,1000,0,BLANK,BLANK,1,23,,BLANK,,,,,,
8,1000,0,n,12,1,24,,1,,,,,,
8,1000,0,n,10,1,25,,2,,,,,,
8,1000,0,n,2,1,26,,3,,,,,,
8,1000,0,n,3,1,27,,2,,,,,,
8,1000,0,n,13,1,28,,2,,,,,,
8,1000,0,n,9,1,29,,1,,,,,,
8,1000,0,BLANK,BLANK,1,30,,BLANK,,,,,,
8,1000,0,BLANK,BLANK,1,31,,BLANK,,,,,,
8,1000,0,y,8,1,32,,1,,,,,,
8,1000,0,y,10,1,33,,3,,,,,,
8,1000,0,n,7,1,34,,2,,,,,,
8,1000,0,y,3,1,35,,2,,,,,,
8,1000,0,n,15,1,36,,2,,,,,,
8,1000,0,n,14,1,37,,1,,,,,,
8,1000,0,y,5,1,38,,2,,,,,,
8,1000,0,n,4,1,39,,3,,,,,,
8,1000,0,y,9,1,40,,1,,,,,,
8,1000,0,n,1,1,41,,3,,,,,,
8,1000,0,y,13,1,42,,2,,,,,,
8,1000,0,y,none,1,43,,3,,,,,,
8,1000,0,y,all,1,44,,2,,,,,,
8,1000,0,y,14,1,45,,2,,,,,,
8,1000,0,n,11,1,46,,3,,,,,,
8,1000,0,y,12,1,47,,1,,,,,,
8,1000,0,BLANK,BLANK,1,48,,BLANK,,,,,,
8,1000,0,n,6,1,49,,1,,,,,,
8,1000,0,n,9,1,50,,3,,,,,,
8,1000,0,n,2,1,51,,1,,,,,,
8,1000,0,BLANK,BLANK,1,52,,BLANK,,,,,,
8,1000,0,y,15,1,53,,3,,,,,,
8,1000,0,BLANK,BLANK,1,54,,BLANK,,,,,,
8,1000,0,BLANK,BLANK,1,55,,BLANK,,,,,,
8,1000,0,y,13,1,56,,1,,,,,,
8,1000,0,BLANK,BLANK,1,57,,BLANK,,,,,,
8,1000,0,BLANK,BLANK,1,58,,BLANK,,,,,,
8,1000,0,y,7,1,59,,3,,,,,,
8,1000,0,n,15,1,60,,3,,,,,,
8,1000,0,y,4,2,61,,1,,,,,,
8,1000,0,n,all,2,62,,2,,,,,,
8,1000,0,n,8,2,63,,1,,,,,,
8,1000,0,y,none,2,64,,2,,,,,,
8,1000,0,n,8,2,65,,2,,,,,,
8,1000,0,y,10,2,66,,2,,,,,,
8,1000,0,y,14,2,67,,3,,,,,,
8,1000,0,n,4,2,68,,2,,,,,,
8,1000,0,y,15,2,69,,1,,,,,,
8,1000,0,n,5,2,70,,2,,,,,,
8,1000,0,n,all,2,71,,1,,,,,,
8,1000,0,BLANK,BLANK,2,72,,BLANK,,,,,,
8,1000,0,y,13,2,73,,3,,,,,,
8,1000,0,n,14,2,74,,3,,,,,,
8,1000,0,y,11,2,75,,3,,,,,,
8,1000,0,BLANK,BLANK,2,76,,BLANK,,,,,,
8,1000,0,y,none,2,77,,1,,,,,,
8,1000,0,y,11,2,78,,2,,,,,,
8,1000,0,n,12,2,79,,3,,,,,,
8,1000,0,y,6,2,80,,3,,,,,,
8,1000,0,y,3,2,81,,1,,,,,,
8,1000,0,BLANK,BLANK,2,82,,BLANK,,,,,,
8,1000,0,n,10,2,83,,3,,,,,,
8,1000,0,y,6,2,84,,2,,,,,,
8,1000,0,n,6,2,85,,3,,,,,,
8,1000,0,n,12,2,86,,2,,,,,,
8,1000,0,y,4,2,87,,3,,,,,,
8,1000,0,n,1,2,88,,2,,,,,,
8,1000,0,BLANK,BLANK,2,89,,BLANK,,,,,,
8,1000,0,n,8,2,90,,3,,,,,,
8,1000,0,y,11,2,91,,1,,,,,,
8,1000,0,y,8,2,92,,3,,,,,,
8,1000,0,y,14,2,93,,1,,,,,,
8,1000,0,n,14,2,94,,2,,,,,,
8,1000,0,y,all,2,95,,3,,,,,,
8,1000,0,n,5,2,96,,1,,,,,,
8,1000,0,n,11,2,97,,1,,,,,,
8,1000,0,BLANK,BLANK,2,98,,BLANK,,,,,,
8,1000,0,n,2,2,99,,2,,,,,,
8,1000,0,y,9,2,100,,2,,,,,,
8,1000,0,n,all,2,101,,3,,,,,,
8,1000,0,y,7,2,102,,2,,,,,,
8,1000,0,BLANK,BLANK,2,103,,BLANK,,,,,,
8,1000,0,y,1,2,104,,1,,,,,,
8,1000,0,y,15,2,105,,2,,,,,,
8,1000,0,n,9,2,106,,2,,,,,,
8,1000,0,y,12,2,107,,3,,,,,,
8,1000,0,BLANK,BLANK,2,108,,BLANK,,,,,,
8,1000,0,y,2,2,109,,3,,,,,,
8,1000,0,n,15,2,110,,1,,,,,,
8,1000,0,y,5,2,111,,1,,,,,,
8,1000,0,y,4,2,112,,2,,,,,,
8,1000,0,n,3,2,113,,1,,,,,,
8,1000,0,y,6,2,114,,1,,,,,,
8,1000,0,y,2,2,115,,1,,,,,,
8,1000,0,y,8,2,116,,2,,,,,,
8,1000,0,n,5,2,117,,3,,,,,,
8,1000,0,n,3,2,118,,3,,,,,,
8,1000,0,y,1,2,119,,2,,,,,,
8,1000,0,BLANK,BLANK,2,120,,BLANK,,,,,,
14,1000,0,n,1,1,1,,2,,,,,,
14,1000,0,n,3,1,2,,1,,,,,,
14,1000,0,y,1,1,3,,2,,,,,,
14,1000,0,BLANK,BLANK,1,4,,BLANK,,,,,,
14,1000,0,y,all,1,5,,1,,,,,,
14,1000,0,n,5,1,6,,2,,,,,,
14,1000,0,n,3,1,7,,2,,,,,,
14,1000,0,y,1,1,8,,1,,,,,,
14,1000,0,n,7,1,9,,2,,,,,,
14,1000,0,BLANK,BLANK,1,10,,BLANK,,,,,,
14,1000,0,n,15,1,11,,1,,,,,,
14,1000,0,BLANK,BLANK,1,12,,BLANK,,,,,,
14,1000,0,BLANK,BLANK,1,13,,BLANK,,,,,,
14,1000,0,n,15,1,14,,3,,,,,,
14,1000,0,y,10,1,15,,3,,,,,,
14,1000,0,y,11,1,16,,3,,,,,,
14,1000,0,y,15,1,17,,2,,,,,,
14,1000,0,y,14,1,18,,1,,,,,,
14,1000,0,y,11,1,19,,2,,,,,,
14,1000,0,y,1,1,20,,3,,,,,,
14,1000,0,y,none,1,21,,1,,,,,,
14,1000,0,n,11,1,22,,3,,,,,,
14,1000,0,BLANK,BLANK,1,23,,BLANK,,,,,,
14,1000,0,y,all,1,24,,2,,,,,,
14,1000,0,BLANK,BLANK,1,25,,BLANK,,,,,,
14,1000,0,y,8,1,26,,2,,,,,,
14,1000,0,BLANK,BLANK,1,27,,BLANK,,,,,,
14,1000,0,n,11,1,28,,2,,,,,,
14,1000,0,n,14,1,29,,3,,,,,,
14,1000,0,y,none,1,30,,2,,,,,,
14,1000,0,y,14,1,31,,2,,,,,,
14,1000,0,n,13,1,32,,2,,,,,,
14,1000,0,n,9,1,33,,1,,,,,,
14,1000,0,BLANK,BLANK,1,34,,BLANK,,,,,,
14,1000,0,y,7,1,35,,2,,,,,,
14,1000,0,n,4,1,36,,2,,,,,,
14,1000,0,y,5,1,37,,2,,,,,,
14,1000,0,n,2,1,38,,1,,,,,,
14,1000,0,BLANK,BLANK,1,39,,BLANK,,,,,,
14,1000,0,n,12,1,40,,3,,,,,,
14,1000,0,n,10,1,41,,1,,,,,,
14,1000,0,n,13,1,42,,3,,,,,,
14,1000,0,y,11,1,43,,1,,,,,,
14,1000,0,n,7,1,44,,1,,,,,,
14,1000,0,n,13,1,45,,1,,,,,,
14,1000,0,y,2,1,46,,1,,,,,,
14,1000,0,BLANK,BLANK,1,47,,BLANK,,,,,,
14,1000,0,n,5,1,48,,1,,,,,,
14,1000,0,y,6,1,49,,2,,,,,,
14,1000,0,n,14,1,50,,1,,,,,,
14,1000,0,n,4,1,51,,3,,,,,,
14,1000,0,y,5,1,52,,3,,,,,,
14,1000,0,BLANK,BLANK,1,53,,BLANK,,,,,,
14,1000,0,y,2,1,54,,3,,,,,,
14,1000,0,n,8,1,55,,3,,,,,,
14,1000,0,n,8,1,56,,2,,,,,,
14,1000,0,y,15,1,57,,3,,,,,,
14,1000,0,y,3,1,58,,2,,,,,,
14,1000,0,n,9,1,59,,3,,,,,,
14,1000,0,y,9,1,60,,3,,,,,,
14,1000,0,n,2,2,61,,3,,,,,,
14,1000,0,n,10,2,62,,2,,,,,,
14,1000,0,n,14,2,63,,2,,,,,,
14,1000,0,n,11,2,64,,1,,,,,,
14,1000,0,n,all,2,65,,2,,,,,,
14,1000,0,BLANK,BLANK,2,66,,BLANK,,,,,,
14,1000,0,y,12,2,67,,2,,,,,,
14,1000,0,y,13,2,68,,2,,,,,,
14,1000,0,y,7,2,69,,1,,,,,,
14,1000,0,n,9,2,70,,2,,,,,,
14,1000,0,y,none,2,71,,3,,,,,,
14,1000,0,y,15,2,72,,1,,,,,,
14,1000,0,y,2,2,73,,2,,,,,,
14,1000,0,n,7,2,74,,3,,,,,,
14,1000,0,y,8,2,75,,1,,,,,,
14,1000,0,y,12,2,76,,1,,,,,,
14,1000,0,n,8,2,77,,1,,,,,,
14,1000,0,BLANK,BLANK,2,78,,BLANK,,,,,,
14,1000,0,y,3,2,79,,3,,,,,,
14,1000,0,BLANK,BLANK,2,80,,BLANK,,,,,,
14,1000,0,y,14,2,81,,3,,,,,,
14,1000,0,n,6,2,82,,2,,,,,,
14,1000,0,y,4,2,83,,2,,,,,,
14,1000,0,y,6,2,84,,1,,,,,,
14,1000,0,n,6,2,85,,1,,,,,,
14,1000,0,y,4,2,86,,3,,,,,,
14,1000,0,n,15,2,87,,2,,,,,,
14,1000,0,y,all,2,88,,3,,,,,,
14,1000,0,y,9,2,89,,2,,,,,,
14,1000,0,y,13,2,90,,3,,,,,,
14,1000,0,n,12,2,91,,2,,,,,,
14,1000,0,n,3,2,92,,3,,,,,,
14,1000,0,BLANK,BLANK,2,93,,BLANK,,,,,,
14,1000,0,y,10,2,94,,2,,,,,,
14,1000,0,y,9,2,95,,1,,,,,,
14,1000,0,y,3,2,96,,1,,,,,,
14,1000,0,BLANK,BLANK,2,97,,BLANK,,,,,,
14,1000,0,n,4,2,98,,1,,,,,,
14,1000,0,y,5,2,99,,1,,,,,,
14,1000,0,BLANK,BLANK,2,100,,BLANK,,,,,,
14,1000,0,n,1,2,101,,3,,,,,,
14,1000,0,n,10,2,102,,3,,,,,,
14,1000,0,n,1,2,103,,1,,,,,,
14,1000,0,n,5,2,104,,3,,,,,,
14,1000,0,BLANK,BLANK,2,105,,BLANK,,,,,,
14,1000,0,y,12,2,106,,3,,,,,,
14,1000,0,BLANK,BLANK,2,107,,BLANK,,,,,,
14,1000,0,y,6,2,108,,3,,,,,,
14,1000,0,n,all,2,109,,1,,,,,,
14,1000,0,y,4,2,110,,1,,,,,,
14,1000,0,n,2,2,111,,2,,,,,,
14,1000,0,y,8,2,112,,3,,,,,,
14,1000,0,BLANK,BLANK,2,113,,BLANK,,,,,,
14,1000,0,n,all,2,114,,3,,,,,,
14,1000,0,n,12,2,115,,1,,,,,,
14,1000,0,BLANK,BLANK,2,116,,BLANK,,,,,,
14,1000,0,y,13,2,117,,1,,,,,,
14,1000,0,y,10,2,118,,1,,,,,,
14,1000,0,n,6,2,119,,3,,,,,,
14,1000,0,y,7,2,120,,3,,,,,,
20,1000,0,y,6,1,1,,3,,,,,,
20,1000,0,y,5,1,2,,2,,,,,,
20,1000,0,y,4,1,3,,2,,,,,,
20,1000,0,n,12,1,4,,1,,,,,,
20,1000,0,y,9,1,5,,2,,,,,,
20,1000,0,BLANK,BLANK,1,6,,BLANK,,,,,,
20,1000,0,n,2,1,7,,2,,,,,,
20,1000,0,y,11,1,8,,3,,,,,,
20,1000,0,n,6,1,9,,2,,,,,,
20,1000,0,n,13,1,10,,2,,,,,,
20,1000,0,y,14,1,11,,2,,,,,,
20,1000,0,y,11,1,12,,1,,,,,,
20,1000,0,n,8,1,13,,3,,,,,,
20,1000,0,n,13,1,14,,1,,,,,,
20,1000,0,n,3,1,15,,3,,,,,,
20,1000,0,n,7,1,16,,2,,,,,,
20,1000,0,BLANK,BLANK,1,17,,BLANK,,,,,,
20,1000,0,y,4,1,18,,1,,,,,,
20,1000,0,BLANK,BLANK,1,19,,BLANK,,,,,,
20,1000,0,BLANK,BLANK,1,20,,BLANK,,,,,,
20,1000,0,BLANK,BLANK,1,21,,BLANK,,,,,,
20,1000,0,y,10,1,22,,1,,,,,,
20,1000,0,y,1,1,23,,3,,,,,,
20,1000,0,n,all,1,24,,1,,,,,,
20,1000,0,n,7,1,25,,3,,,,,,
20,1000,0,BLANK,BLANK,1,26,,BLANK,,,,,,
20,1000,0,n,2,1,27,,3,,,,,,
20,1000,0,y,2,1,28,,1,,,,,,
20,1000,0,BLANK,BLANK,1,29,,BLANK,,,,,,
20,1000,0,n,14,1,30,,3,,,,,,
20,1000,0,BLANK,BLANK,1,31,,BLANK,,,,,,
20,1000,0,BLANK,BLANK,1,32,,BLANK,,,,,,
20,1000,0,y,9,1,33,,1,,,,,,
20,1000,0,n,6,1,34,,1,,,,,,
20,1000,0,n,9,1,35,,1,,,,,,
20,1000,0,y,6,1,36,,1,,,,,,
20,1000,0,BLANK,BLANK,1,37,,BLANK,,,,,,
20,1000,0,n,all,1,38,,2,,,,,,
20,1000,0,y,14,1,39,,3,,,,,,
20,1000,0,n,11,1,40,,2,,,,,,
20,1000,0,y,13,1,41,,1,,,,,,
20,1000,0,y,1,1,42,,1,,,,,,
20,1000,0,y,all,1,43,,1,,,,,,
20,1000,0,n,10,1,44,,1,,,,,,
20,1000,0,n,13,1,45,,3,,,,,,
20,1000,0,y,none,1,46,,1,,,,,,
20,1000,0,y,15,1,47,,2,,,,,,
20,1000,0,BLANK,BLANK,1,48,,BLANK,,,,,,
20,1000,0,y,6,1,49,,2,,,,,,
20,1000,0,y,13,1,50,,3,,,,,,
20,1000,0,y,none,1,51,,3,,,,,,
20,1000,0,BLANK,BLANK,1,52,,BLANK,,,,,,
20,1000,0,n,15,1,53,,3,,,,,,
20,1000,0,y,3,1,54,,2,,,,,,
20,1000,0,y,13,1,55,,2,,,,,,
20,1000,0,y,none,1,56,,2,,,,,,
20,1000,0,n,5,1,57,,1,,,,,,
20,1000,0,y,10,1,58,,2,,,,,,
20,1000,0,n,14,1,59,,2,,,,,,
20,1000,0,n,3,1,60,,2,,,,,,
20,1000,0,y,7,2,61,,1,,,,,,
20,1000,0,y,all,2,62,,3,,,,,,
20,1000,0,BLANK,BLANK,2,63,,BLANK,,,,,,
20,1000,0,BLANK,BLANK,2,64,,BLANK,,,,,,
20,1000,0,y,10,2,65,,3,,,,,,
20,1000,0,n,8,2,66,,1,,,,,,
20,1000,0,n,11,2,67,,3,,,,,,
20,1000,0,y,5,2,68,,1,,,,,,
20,1000,0,n,all,2,69,,3,,,,,,
20,1000,0,y,12,2,70,,1,,,,,,
20,1000,0,n,15,2,71,,2,,,,,,
20,1000,0,y,8,2,72,,3,,,,,,
20,1000,0,BLANK,BLANK,2,73,,BLANK,,,,,,
20,1000,0,n,4,2,74,,2,,,,,,
20,1000,0,y,12,2,75,,2,,,,,,
20,1000,0,n,1,2,76,,1,,,,,,
20,1000,0,y,5,2,77,,3,,,,,,
20,1000,0,y,11,2,78,,2,,,,,,
20,1000,0,BLANK,BLANK,2,79,,BLANK,,,,,,
20,1000,0,y,12,2,80,,3,,,,,,
20,1000,0,n,9,2,81,,3,,,,,,
20,1000,0,n,9,2,82,,2,,,,,,
20,1000,0,y,15,2,83,,1,,,,,,
20,1000,0,n,10,2,84,,2,,,,,,
20,1000,0,BLANK,BLANK,2,85,,BLANK,,,,,,
20,1000,0,y,8,2,86,,1,,,,,,
20,1000,0,n,5,2,87,,2,,,,,,
20,1000,0,BLANK,BLANK,2,88,,BLANK,,,,,,
20,1000,0,y,1,2,89,,2,,,,,,
20,1000,0,y,14,2,90,,1,,,,,,
20,1000,0,n,1,2,91,,3,,,,,,
20,1000,0,n,6,2,92,,3,,,,,,
20,1000,0,n,3,2,93,,1,,,,,,
20,1000,0,y,4,2,94,,3,,,,,,
20,1000,0,y,2,2,95,,3,,,,,,
20,1000,0,n,2,2,96,,1,,,,,,
20,1000,0,n,1,2,97,,2,,,,,,
20,1000,0,BLANK,BLANK,2,98,,BLANK,,,,,,
20,1000,0,n,12,2,99,,2,,,,,,
20,1000,0,y,3,2,100,,3,,,,,,
20,1000,0,n,11,2,101,,1,,,,,,
20,1000,0,BLANK,BLANK,2,102,,BLANK,,,,,,
20,1000,0,n,4,2,103,,3,,,,,,
20,1000,0,BLANK,BLANK,2,104,,BLANK,,,,,,
20,1000,0,n,8,2,105,,2,,,,,,
20,1000,0,y,7,2,106,,3,,,,,,
20,1000,0,n,14,2,107,,1,,,,,,
20,1000,0,n,10,2,108,,3,,,,,,
20,1000,0,n,15,2,109,,1,,,,,,
20,1000,0,y,8,2,110,,2,,,,,,
20,1000,0,n,5,2,111,,3,,,,,,
20,1000,0,y,3,2,112,,1,,,,,,
20,1000,0,y,2,2,113,,2,,,,,,
20,1000,0,n,7,2,114,,1,,,,,,
20,1000,0,y,15,2,115,,3,,,,,,
20,1000,0,y,all,2,116,,2,,,,,,
20,1000,0,n,4,2,117,,1,,,,,,
20,1000,0,y,7,2,118,,2,,,,,,
20,1000,0,n,12,2,119,,3,,,,,,
20,1000,0,y,9,2,120,,3,,,,,,
25,1000,0,n,4,1,1,,2,,,,,,
25,1000,0,y,15,1,2,,3,,,,,,
25,1000,0,n,5,1,3,,2,,,,,,
25,1000,0,y,14,1,4,,2,,,,,,
25,1000,0,y,2,1,5,,3,,,,,,
25,1000,0,y,8,1,6,,1,,,,,,
25,1000,0,n,2,1,7,,2,,,,,,
25,1000,0,n,1,1,8,,2,,,,,,
25,1000,0,y,12,1,9,,2,,,,,,
25,1000,0,y,none,1,10,,3,,,,,,
25,1000,0,y,7,1,11,,2,,,,,,
25,1000,0,y,13,1,12,,3,,,,,,
25,1000,0,y,5,1,13,,2,,,,,,
25,1000,0,y,all,1,14,,3,,,,,,
25,1000,0,BLANK,BLANK,1,15,,BLANK,,,,,,
25,1000,0,y,none,1,16,,2,,,,,,
25,1000,0,y,9,1,17,,2,,,,,,
25,1000,0,n,all,1,18,,3,,,,,,
25,1000,0,y,7,1,19,,3,,,,,,
25,1000,0,n,7,1,20,,1,,,,,,
25,1000,0,y,6,1,21,,3,,,,,,
25,1000,0,n,14,1,22,,2,,,,,,
25,1000,0,n,all,1,23,,2,,,,,,
25,1000,0,BLANK,BLANK,1,24,,BLANK,,,,,,
25,1000,0,n,15,1,25,,3,,,,,,
25,1000,0,n,14,1,26,,3,,,,,,
25,1000,0,y,12,1,27,,1,,,,,,
25,1000,0,y,14,1,28,,3,,,,,,
25,1000,0,n,13,1,29,,1,,,,,,
25,1000,0,BLANK,BLANK,1,30,,BLANK,,,,,,
25,1000,0,y,1,1,31,,2,,,,,,
25,1000,0,n,2,1,32,,1,,,,,,
25,1000,0,n,6,1,33,,1,,,,,,
25,1000,0,y,11,1,34,,1,,,,,,
25,1000,0,y,5,1,35,,1,,,,,,
25,1000,0,y,1,1,36,,3,,,,,,
25,1000,0,BLANK,BLANK,1,37,,BLANK,,,,,,
25,1000,0,n,15,1,38,,1,,,,,,
25,1000,0,y,4,1,39,,1,,,,,,
25,1000,0,BLANK,BLANK,1,40,,BLANK,,,,,,
25,1000,0,y,15,1,41,,1,,,,,,
25,1000,0,y,10,1,42,,3,,,,,,
25,1000,0,BLANK,BLANK,1,43,,BLANK,,,,,,
25,1000,0,y,6,1,44,,1,,,,,,
25,1000,0,n,8,1,45,,1,,,,,,
25,1000,0,BLANK,BLANK,1,46,,BLANK,,,,,,
25,1000,0,y,2,1,47,,2,,,,,,
25,1000,0,n,6,1,48,,2,,,,,,
25,1000,0,n,3,1,49,,2,,,,,,
25,1000,0,n,12,1,50,,3,,,,,,
25,1000,0,n,12,1,51,,2,,,,,,
25,1000,0,y,11,1,52,,2,,,,,,
25,1000,0,BLANK,BLANK,1,53,,BLANK,,,,,,
25,1000,0,y,9,1,54,,3,,,,,,
25,1000,0,y,3,1,55,,1,,,,,,
25,1000,0,n,12,1,56,,1,,,,,,
25,1000,0,BLANK,BLANK,1,57,,BLANK,,,,,,
25,1000,0,n,10,1,58,,3,,,,,,
25,1000,0,y,11,1,59,,3,,,,,,
25,1000,0,n,2,1,60,,3,,,,,,
25,1000,0,y,4,2,61,,3,,,,,,
25,1000,0,n,7,2,62,,3,,,,,,
25,1000,0,n,13,2,63,,3,,,,,,
25,1000,0,BLANK,BLANK,2,64,,BLANK,,,,,,
25,1000,0,n,8,2,65,,2,,,,,,
25,1000,0,n,5,2,66,,1,,,,,,
25,1000,0,y,all,2,67,,1,,,,,,
25,1000,0,y,6,2,68,,2,,,,,,
25,1000,0,n,all,2,69,,1,,,,,,
25,1000,0,y,15,2,70,,2,,,,,,
25,1000,0,y,3,2,71,,2,,,,,,
25,1000,0,y,all,2,72,,2,,,,,,
25,1000,0,y,12,2,73,,3,,,,,,
25,1000,0,BLANK,BLANK,2,74,,BLANK,,,,,,
25,1000,0,y,8,2,75,,3,,,,,,
25,1000,0,n,1,2,76,,3,,,,,,
25,1000,0,n,5,2,77,,3,,,,,,
25,1000,0,y,13,2,78,,2,,,,,,
25,1000,0,n,9,2,79,,2,,,,,,
25,1000,0,n,9,2,80,,1,,,,,,
25,1000,0,BLANK,BLANK,2,81,,BLANK,,,,,,
25,1000,0,y,5,2,82,,3,,,,,,
25,1000,0,n,9,2,83,,3,,,,,,
25,1000,0,y,8,2,84,,2,,,,,,
25,1000,0,y,10,2,85,,2,,,,,,
25,1000,0,BLANK,BLANK,2,86,,BLANK,,,,,,
25,1000,0,BLANK,BLANK,2,87,,BLANK,,,,,,
25,1000,0,BLANK,BLANK,2,88,,BLANK,,,,,,
25,1000,0,n,10,2,89,,2,,,,,,
25,1000,0,n,6,2,90,,3,,,,,,
25,1000,0,BLANK,BLANK,2,91,,BLANK,,,,,,
25,1000,0,y,3,2,92,,3,,,,,,
25,1000,0,BLANK,BLANK,2,93,,BLANK,,,,,,
25,1000,0,n,3,2,94,,1,,,,,,
25,1000,0,BLANK,BLANK,2,95,,BLANK,,,,,,
25,1000,0,n,3,2,96,,3,,,,,,
25,1000,0,n,11,2,97,,2,,,,,,
25,1000,0,BLANK,BLANK,2,98,,BLANK,,,,,,
25,1000,0,n,10,2,99,,1,,,,,,
25,1000,0,y,13,2,100,,1,,,,,,
25,1000,0,n,7,2,101,,2,,,,,,
25,1000,0,n,14,2,102,,1,,,,,,
25,1000,0,BLANK,BLANK,2,103,,BLANK,,,,,,
25,1000,0,n,4,2,104,,1,,,,,,
25,1000,0,y,none,2,105,,1,,,,,,
25,1000,0,n,11,2,106,,3,,,,,,
25,1000,0,y,10,2,107,,1,,,,,,
25,1000,0,n,4,2,108,,3,,,,,,
25,1000,0,BLANK,BLANK,2,109,,BLANK,,,,,,
25,1000,0,n,1,2,110,,1,,,,,,
25,1000,0,n,13,2,111,,2,,,,,,
25,1000,0,y,9,2,112,,1,,,,,,
25,1000,0,n,15,2,113,,2,,,,,,
25,1000,0,y,2,2,114,,1,,,,,,
25,1000,0,y,4,2,115,,2,,,,,,
25,1000,0,y,1,2,116,,1,,,,,,
25,1000,0,y,14,2,117,,1,,,,,,
25,1000,0,n,11,2,118,,1,,,,,,
25,1000,0,y,7,2,119,,1,,,,,,
25,1000,0,n,8,2,120,,3,,,,,,
33,1000,0,y,10,1,1,,2,,,,,,
33,1000,0,n,5,1,2,,3,,,,,,
33,1000,0,BLANK,BLANK,1,3,,BLANK,,,,,,
33,1000,0,n,5,1,4,,2,,,,,,
33,1000,0,n,7,1,5,,2,,,,,,
33,1000,0,BLANK,BLANK,1,6,,BLANK,,,,,,
33,1000,0,n,4,1,7,,1,,,,,,
33,1000,0,n,1,1,8,,3,,,,,,
33,1000,0,BLANK,BLANK,1,9,,BLANK,,,,,,
33,1000,0,n,all,1,10,,2,,,,,,
33,1000,0,y,7,1,11,,1,,,,,,
33,1000,0,y,12,1,12,,1,,,,,,
33,1000,0,BLANK,BLANK,1,13,,BLANK,,,,,,
33,1000,0,n,10,1,14,,3,,,,,,
33,1000,0,n,all,1,15,,3,,,,,,
33,1000,0,n,11,1,16,,1,,,,,,
33,1000,0,n,4,1,17,,3,,,,,,
33,1000,0,n,15,1,18,,2,,,,,,
33,1000,0,n,all,1,19,,1,,,,,,
33,1000,0,n,13,1,20,,2,,,,,,
33,1000,0,y,1,1,21,,1,,,,,,
33,1000,0,y,8,1,22,,3,,,,,,
33,1000,0,y,5,1,23,,2,,,,,,
33,1000,0,y,15,1,24,,3,,,,,,
33,1000,0,y,13,1,25,,2,,,,,,
33,1000,0,y,none,1,26,,3,,,,,,
33,1000,0,y,1,1,27,,2,,,,,,
33,1000,0,n,15,1,28,,1,,,,,,
33,1000,0,n,3,1,29,,1,,,,,,
33,1000,0,y,11,1,30,,2,,,,,,
33,1000,0,y,11,1,31,,1,,,,,,
33,1000,0,y,9,1,32,,1,,,,,,
33,1000,0,y,10,1,33,,3,,,,,,
33,1000,0,y,4,1,34,,1,,,,,,
33,1000,0,BLANK,BLANK,1,35,,BLANK,,,,,,
33,1000,0,y,7,1,36,,2,,,,,,
33,1000,0,y,13,1,37,,3,,,,,,
33,1000,0,n,6,1,38,,2,,,,,,
33,1000,0,BLANK,BLANK,1,39,,BLANK,,,,,,
33,1000,0,n,14,1,40,,1,,,,,,
33,1000,0,n,3,1,41,,3,,,,,,
33,1000,0,y,6,1,42,,2,,,,,,
33,1000,0,y,14,1,43,,1,,,,,,
33,1000,0,y,none,1,44,,2,,,,,,
33,1000,0,BLANK,BLANK,1,45,,BLANK,,,,,,
33,1000,0,n,12,1,46,,3,,,,,,
33,1000,0,y,2,1,47,,2,,,,,,
33,1000,0,BLANK,BLANK,1,48,,BLANK,,,,,,
33,1000,0,n,4,1,49,,2,,,,,,
33,1000,0,n,6,1,50,,3,,,,,,
33,1000,0,n,9,1,51,,1,,,,,,
33,1000,0,y,2,1,52,,3,,,,,,
33,1000,0,y,14,1,53,,2,,,,,,
33,1000,0,y,8,1,54,,1,,,,,,
33,1000,0,n,8,1,55,,1,,,,,,
33,1000,0,y,all,1,56,,2,,,,,,
33,1000,0,n,11,1,57,,2,,,,,,
33,1000,0,n,9,1,58,,2,,,,,,
33,1000,0,y,2,1,59,,1,,,,,,
33,1000,0,n,2,1,60,,2,,,,,,
33,1000,0,n,2,2,61,,3,,,,,,
33,1000,0,BLANK,BLANK,2,62,,BLANK,,,,,,
33,1000,0,n,12,2,63,,2,,,,,,
33,1000,0,BLANK,BLANK,2,64,,BLANK,,,,,,
33,1000,0,y,8,2,65,,2,,,,,,
33,1000,0,y,1,2,66,,3,,,,,,
33,1000,0,n,13,2,67,,3,,,,,,
33,1000,0,y,15,2,68,,2,,,,,,
33,1000,0,y,11,2,69,,3,,,,,,
33,1000,0,y,12,2,70,,2,,,,,,
33,1000,0,n,1,2,71,,1,,,,,,
33,1000,0,BLANK,BLANK,2,72,,BLANK,,,,,,
33,1000,0,n,14,2,73,,2,,,,,,
33,1000,0,n,5,2,74,,1,,,,,,
33,1000,0,y,4,2,75,,2,,,,,,
33,1000,0,n,12,2,76,,1,,,,,,
33,1000,0,BLANK,BLANK,2,77,,BLANK,,,,,,
33,1000,0,y,13,2,78,,1,,,,,,
33,1000,0,n,8,2,79,,3,,,,,,
33,1000,0,n,11,2,80,,3,,,,,,
33,1000,0,BLANK,BLANK,2,81,,BLANK,,,,,,
33,1000,0,n,7,2,82,,3,,,,,,
33,1000,0,n,8,2,83,,2,,,,,,
33,1000,0,n,13,2,84,,1,,,,,,
33,1000,0,n,3,2,85,,2,,,,,,
33,1000,0,y,9,2,86,,3,,,,,,
33,1000,0,y,4,2,87,,3,,,,,,
33,1000,0,y,3,2,88,,2,,,,,,
33,1000,0,y,all,2,89,,3,,,,,,
33,1000,0,n,9,2,90,,3,,,,,,
33,1000,0,y,12,2,91,,3,,,,,,
33,1000,0,n,10,2,92,,2,,,,,,
33,1000,0,BLANK,BLANK,2,93,,BLANK,,,,,,
33,1000,0,BLANK,BLANK,2,94,,BLANK,,,,,,
33,1000,0,BLANK,BLANK,2,95,,BLANK,,,,,,
33,1000,0,BLANK,BLANK,2,96,,BLANK,,,,,,
33,1000,0,n,7,2,97,,1,,,,,,
33,1000,0,n,1,2,98,,2,,,,,,
33,1000,0,y,all,2,99,,1,,,,,,
33,1000,0,y,15,2,100,,1,,,,,,
33,1000,0,y,3,2,101,,1,,,,,,
33,1000,0,n,2,2,102,,1,,,,,,
33,1000,0,BLANK,BLANK,2,103,,BLANK,,,,,,
33,1000,0,BLANK,BLANK,2,104,,BLANK,,,,,,
33,1000,0,y,none,2,105,,1,,,,,,
33,1000,0,y,14,2,106,,3,,,,,,
33,1000,0,y,6,2,107,,3,,,,,,
33,1000,0,y,3,2,108,,3,,,,,,
33,1000,0,y,5,2,109,,3,,,,,,
33,1000,0,n,15,2,110,,3,,,,,,
33,1000,0,BLANK,BLANK,2,111,,BLANK,,,,,,
33,1000,0,y,7,2,112,,3,,,,,,
33,1000,0,y,9,2,113,,2,,,,,,
33,1000,0,n,6,2,114,,1,,,,,,
33,1000,0,n,14,2,115,,3,,,,,,
33,1000,0,BLANK,BLANK,2,116,,BLANK,,,,,,
33,1000,0,n,10,2,117,,1,,,,,,
33,1000,0,y,10,2,118,,1,,,,,,
33,1000,0,y,6,2,119,,1,,,,,,
33,1000,0,y,5,2,120,,1,,,,,,
35,1000,0,y,10,1,1,,2,,,,,,
35,1000,0,y,9,1,2,,2,,,,,,
35,1000,0,y,8,1,3,,3,,,,,,
35,1000,0,n,6,1,4,,1,,,,,,
35,1000,0,BLANK,BLANK,1,5,,BLANK,,,,,,
35,1000,0,y,11,1,6,,3,,,,,,
35,1000,0,y,7,1,7,,1,,,,,,
35,1000,0,n,5,1,8,,3,,,,,,
35,1000,0,BLANK,BLANK,1,9,,BLANK,,,,,,
35,1000,0,y,11,1,10,,2,,,,,,
35,1000,0,BLANK,BLANK,1,11,,BLANK,,,,,,
35,1000,0,y,4,1,12,,3,,,,,,
35,1000,0,BLANK,BLANK,1,13,,BLANK,,,,,,
35,1000,0,n,4,1,14,,3,,,,,,
35,1000,0,n,7,1,15,,3,,,,,,
35,1000,0,n,14,1,16,,3,,,,,,
35,1000,0,y,14,1,17,,2,,,,,,
35,1000,0,n,all,1,18,,3,,,,,,
35,1000,0,y,6,1,19,,2,,,,,,
35,1000,0,BLANK,BLANK,1,20,,BLANK,,,,,,
35,1000,0,n,15,1,21,,2,,,,,,
35,1000,0,n,10,1,22,,3,,,,,,
35,1000,0,y,9,1,23,,1,,,,,,
35,1000,0,y,2,1,24,,3,,,,,,
35,1000,0,y,9,1,25,,3,,,,,,
35,1000,0,y,8,1,26,,1,,,,,,
35,1000,0,y,all,1,27,,1,,,,,,
35,1000,0,y,6,1,28,,3,,,,,,
35,1000,0,n,1,1,29,,3,,,,,,
35,1000,0,y,all,1,30,,2,,,,,,
35,1000,0,n,15,1,31,,1,,,,,,
35,1000,0,BLANK,BLANK,1,32,,BLANK,,,,,,
35,1000,0,y,1,1,33,,2,,,,,,
35,1000,0,n,4,1,34,,2,,,,,,
35,1000,0,n,14,1,35,,1,,,,,,
35,1000,0,BLANK,BLANK,1,36,,BLANK,,,,,,
35,1000,0,y,12,1,37,,1,,,,,,
35,1000,0,y,4,1,38,,2,,,,,,
35,1000,0,n,6,1,39,,3,,,,,,
35,1000,0,n,7,1,40,,2,,,,,,
35,1000,0,y,none,1,41,,1,,,,,,
35,1000,0,y,5,1,42,,1,,,,,,
35,1000,0,n,3,1,43,,2,,,,,,
35,1000,0,y,1,1,44,,3,,,,,,
35,1000,0,n,6,1,45,,2,,,,,,
35,1000,0,y,4,1,46,,1,,,,,,
35,1000,0,y,1,1,47,,1,,,,,,
35,1000,0,n,14,1,48,,2,,,,,,
35,1000,0,n,11,1,49,,3,,,,,,
35,1000,0,y,7,1,50,,2,,,,,,
35,1000,0,y,14,1,51,,1,,,,,,
35,1000,0,BLANK,BLANK,1,52,,BLANK,,,,,,
35,1000,0,y,6,1,53,,1,,,,,,
35,1000,0,n,9,1,54,,3,,,,,,
35,1000,0,BLANK,BLANK,1,55,,BLANK,,,,,,
35,1000,0,n,10,1,56,,2,,,,,,
35,1000,0,y,13,1,57,,1,,,,,,
35,1000,0,BLANK,BLANK,1,58,,BLANK,,,,,,
35,1000,0,n,12,1,59,,1,,,,,,
35,1000,0,n,9,1,60,,2,,,,,,
35,1000,0,BLANK,BLANK,2,61,,BLANK,,,,,,
35,1000,0,y,10,2,62,,3,,,,,,
35,1000,0,y,none,2,63,,2,,,,,,
35,1000,0,BLANK,BLANK,2,64,,BLANK,,,,,,
35,1000,0,BLANK,BLANK,2,65,,BLANK,,,,,,
35,1000,0,y,8,2,66,,2,,,,,,
35,1000,0,n,13,2,67,,1,,,,,,
35,1000,0,y,10,2,68,,1,,,,,,
35,1000,0,y,12,2,69,,2,,,,,,
35,1000,0,n,2,2,70,,1,,,,,,
35,1000,0,y,11,2,71,,1,,,,,,
35,1000,0,y,3,2,72,,1,,,,,,
35,1000,0,n,13,2,73,,3,,,,,,
35,1000,0,y,15,2,74,,2,,,,,,
35,1000,0,n,2,2,75,,3,,,,,,
35,1000,0,n,12,2,76,,2,,,,,,
35,1000,0,BLANK,BLANK,2,77,,BLANK,,,,,,
35,1000,0,y,12,2,78,,3,,,,,,
35,1000,0,n,10,2,79,,1,,,,,,
35,1000,0,y,14,2,80,,3,,,,,,
35,1000,0,BLANK,BLANK,2,81,,BLANK,,,,,,
35,1000,0,n,3,2,82,,3,,,,,,
35,1000,0,BLANK,BLANK,2,83,,BLANK,,,,,,
35,1000,0,n,4,2,84,,1,,,,,,
35,1000,0,n,8,2,85,,1,,,,,,
35,1000,0,y,3,2,86,,2,,,,,,
35,1000,0,y,none,2,87,,3,,,,,,
35,1000,0,y,3,2,88,,3,,,,,,
35,1000,0,n,1,2,89,,1,,,,,,
35,1000,0,n,13,2,90,,2,,,,,,
35,1000,0,n,9,2,91,,1,,,,,,
35,1000,0,n,5,2,92,,2,,,,,,
35,1000,0,n,5,2,93,,1,,,,,,
35,1000,0,n,12,2,94,,3,,,,,,
35,1000,0,n,8,2,95,,2,,,,,,
35,1000,0,BLANK,BLANK,2,96,,BLANK,,,,,,
35,1000,0,n,all,2,97,,2,,,,,,
35,1000,0,n,11,2,98,,1,,,,,,
35,1000,0,y,5,2,99,,2,,,,,,
35,1000,0,n,3,2,100,,1,,,,,,
35,1000,0,y,15,2,101,,3,,,,,,
35,1000,0,n,all,2,102,,1,,,,,,
35,1000,0,y,13,2,103,,3,,,,,,
35,1000,0,BLANK,BLANK,2,104,,BLANK,,,,,,
35,1000,0,BLANK,BLANK,2,105,,BLANK,,,,,,
35,1000,0,y,5,2,106,,3,,,,,,
35,1000,0,y,2,2,107,,2,,,,,,
35,1000,0,BLANK,BLANK,2,108,,BLANK,,,,,,
35,1000,0,y,all,2,109,,3,,,,,,
35,1000,0,n,2,2,110,,2,,,,,,
35,1000,0,n,7,2,111,,1,,,,,,
35,1000,0,n,11,2,112,,2,,,,,,
35,1000,0,n,1,2,113,,2,,,,,,
35,1000,0,y,13,2,114,,2,,,,,,
35,1000,0,y,7,2,115,,3,,,,,,
35,1000,0,BLANK,BLANK,2,116,,BLANK,,,,,,
35,1000,0,n,8,2,117,,3,,,,,,
35,1000,0,n,15,2,118,,3,,,,,,
35,1000,0,y,15,2,119,,1,,,,,,
35,1000,0,y,2,2,120,,1,,,,,,
39,1000,0,n,3,1,1,,2,,,,,,
39,1000,0,y,15,1,2,,2,,,,,,
39,1000,0,n,8,1,3,,3,,,,,,
39,1000,0,BLANK,BLANK,1,4,,BLANK,,,,,,
39,1000,0,n,5,1,5,,2,,,,,,
39,1000,0,y,1,1,6,,1,,,,,,
39,1000,0,y,none,1,7,,3,,,,,,
39,1000,0,n,all,1,8,,2,,,,,,
39,1000,0,n,4,1,9,,1,,,,,,
39,1000,0,n,3,1,10,,3,,,,,,
39,1000,0,BLANK,BLANK,1,11,,BLANK,,,,,,
39,1000,0,y,15,1,12,,3,,,,,,
39,1000,0,n,11,1,13,,2,,,,,,
39,1000,0,n,2,1,14,,2,,,,,,
39,1000,0,n,5,1,15,,1,,,,,,
39,1000,0,y,all,1,16,,1,,,,,,
39,1000,0,y,none,1,17,,2,,,,,,
39,1000,0,y,7,1,18,,3,,,,,,
39,1000,0,n,15,1,19,,2,,,,,,
39,1000,0,y,2,1,20,,2,,,,,,
39,1000,0,y,1,1,21,,3,,,,,,
39,1000,0,n,14,1,22,,2,,,,,,
39,1000,0,BLANK,BLANK,1,23,,BLANK,,,,,,
39,1000,0,n,4,1,24,,3,,,,,,
39,1000,0,y,11,1,25,,2,,,,,,
39,1000,0,y,14,1,26,,3,,,,,,
39,1000,0,n,5,1,27,,3,,,,,,
39,1000,0,BLANK,BLANK,1,28,,BLANK,,,,,,
39,1000,0,BLANK,BLANK,1,29,,BLANK,,,,,,
39,1000,0,y,6,1,30,,2,,,,,,
39,1000,0,y,12,1,31,,1,,,,,,
39,1000,0,y,7,1,32,,2,,,,,,
39,1000,0,y,1,1,33,,2,,,,,,
39,1000,0,n,3,1,34,,1,,,,,,
39,1000,0,BLANK,BLANK,1,35,,BLANK,,,,,,
39,1000,0,BLANK,BLANK,1,36,,BLANK,,,,,,
39,1000,0,n,8,1,37,,2,,,,,,
39,1000,0,n,13,1,38,,3,,,,,,
39,1000,0,y,14,1,39,,1,,,,,,
39,1000,0,n,15,1,40,,1,,,,,,
39,1000,0,y,5,1,41,,2,,,,,,
39,1000,0,y,10,1,42,,2,,,,,,
39,1000,0,y,13,1,43,,2,,,,,,
39,1000,0,y,15,1,44,,1,,,,,,
39,1000,0,BLANK,BLANK,1,45,,BLANK,,,,,,
39,1000,0,n,7,1,46,,3,,,,,,
39,1000,0,n,12,1,47,,1,,,,,,
39,1000,0,y,5,1,48,,1,,,,,,
39,1000,0,n,9,1,49,,2,,,,,,
39,1000,0,y,8,1,50,,2,,,,,,
39,1000,0,y,11,1,51,,1,,,,,,
39,1000,0,n,6,1,52,,3,,,,,,
39,1000,0,n,13,1,53,,2,,,,,,
39,1000,0,y,9,1,54,,2,,,,,,
39,1000,0,y,11,1,55,,3,,,,,,
39,1000,0,n,all,1,56,,1,,,,,,
39,1000,0,n,2,1,57,,1,,,,,,
39,1000,0,y,5,1,58,,3,,,,,,
39,1000,0,BLANK,BLANK,1,59,,BLANK,,,,,,
39,1000,0,y,13,1,60,,3,,,,,,
39,1000,0,n,12,2,61,,2,,,,,,
39,1000,0,y,6,2,62,,3,,,,,,
39,1000,0,BLANK,BLANK,2,63,,BLANK,,,,,,
39,1000,0,y,none,2,64,,1,,,,,,
39,1000,0,y,6,2,65,,1,,,,,,
39,1000,0,BLANK,BLANK,2,66,,BLANK,,,,,,
39,1000,0,n,7,2,67,,1,,,,,,
39,1000,0,BLANK,BLANK,2,68,,BLANK,,,,,,
39,1000,0,n,4,2,69,,2,,,,,,
39,1000,0,y,12,2,70,,2,,,,,,
39,1000,0,y,8,2,71,,3,,,,,,
39,1000,0,y,10,2,72,,3,,,,,,
39,1000,0,y,12,2,73,,3,,,,,,
39,1000,0,y,all,2,74,,3,,,,,,
39,1000,0,n,6,2,75,,1,,,,,,
39,1000,0,BLANK,BLANK,2,76,,BLANK,,,,,,
39,1000,0,n,11,2,77,,1,,,,,,
39,1000,0,n,9,2,78,,3,,,,,,
39,1000,0,y,3,2,79,,3,,,,,,
39,1000,0,n,9,2,80,,1,,,,,,
39,1000,0,y,3,2,81,,1,,,,,,
39,1000,0,BLANK,BLANK,2,82,,BLANK,,,,,,
39,1000,0,y,13,2,83,,1,,,,,,
39,1000,0,n,11,2,84,,3,,,,,,
39,1000,0,y,4,2,85,,3,,,,,,
39,1000,0,y,10,2,86,,1,,,,,,
39,1000,0,y,4,2,87,,2,,,,,,
39,1000,0,n,15,2,88,,3,,,,,,
39,1000,0,n,all,2,89,,3,,,,,,
39,1000,0,n,1,2,90,,2,,,,,,
39,1000,0,y,2,2,91,,3,,,,,,
39,1000,0,BLANK,BLANK,2,92,,BLANK,,,,,,
39,1000,0,BLANK,BLANK,2,93,,BLANK,,,,,,
39,1000,0,BLANK,BLANK,2,94,,BLANK,,,,,,
39,1000,0,n,14,2,95,,3,,,,,,
39,1000,0,BLANK,BLANK,2,96,,BLANK,,,,,,
39,1000,0,n,14,2,97,,1,,,,,,
39,1000,0,y,8,2,98,,1,,,,,,
39,1000,0,n,7,2,99,,2,,,,,,
39,1000,0,y,14,2,100,,2,,,,,,
39,1000,0,BLANK,BLANK,2,101,,BLANK,,,,,,
39,1000,0,n,8,2,102,,1,,,,,,
39,1000,0,n,6,2,103,,2,,,,,,
39,1000,0,y,3,2,104,,2,,,,,,
39,1000,0,y,2,2,105,,1,,,,,,
39,1000,0,n,2,2,106,,3,,,,,,
39,1000,0,n,10,2,107,,2,,,,,,
39,1000,0,y,9,2,108,,3,,,,,,
39,1000,0,n,10,2,109,,1,,,,,,
39,1000,0,n,10,2,110,,3,,,,,,
39,1000,0,n,13,2,111,,1,,,,,,
39,1000,0,y,7,2,112,,1,,,,,,
39,1000,0,n,1,2,113,,3,,,,,,
39,1000,0,n,12,2,114,,3,,,,,,
39,1000,0,y,9,2,115,,1,,,,,,
39,1000,0,n,1,2,116,,1,,,,,,
39,1000,0,y,4,2,117,,1,,,,,,
39,1000,0,BLANK,BLANK,2,118,,BLANK,,,,,,
39,1000,0,y,all,2,119,,2,,,,,,
39,1000,0,BLANK,BLANK,2,120,,BLANK,,,,,,
43,1000,0,n,5,1,1,,2,,,,,,
43,1000,0,n,all,1,2,,1,,,,,,
43,1000,0,BLANK,BLANK,1,3,,BLANK,,,,,,
43,1000,0,n,5,1,4,,3,,,,,,
43,1000,0,y,13,1,5,,2,,,,,,
43,1000,0,y,10,1,6,,3,,,,,,
43,1000,0,y,6,1,7,,1,,,,,,
43,1000,0,y,12,1,8,,3,,,,,,
43,1000,0,n,13,1,9,,1,,,,,,
43,1000,0,y,14,1,10,,2,,,,,,
43,1000,0,BLANK,BLANK,1,11,,BLANK,,,,,,
43,1000,0,y,7,1,12,,1,,,,,,
43,1000,0,n,1,1,13,,3,,,,,,
43,1000,0,n,11,1,14,,2,,,,,,
43,1000,0,n,2,1,15,,2,,,,,,
43,1000,0,y,15,1,16,,2,,,,,,
43,1000,0,n,2,1,17,,3,,,,,,
43,1000,0,n,10,1,18,,1,,,,,,
43,1000,0,n,13,1,19,,2,,,,,,
43,1000,0,y,9,1,20,,2,,,,,,
43,1000,0,y,1,1,21,,1,,,,,,
43,1000,0,n,12,1,22,,2,,,,,,
43,1000,0,y,4,1,23,,1,,,,,,
43,1000,0,n,3,1,24,,1,,,,,,
43,1000,0,y,9,1,25,,3,,,,,,
43,1000,0,y,3,1,26,,3,,,,,,
43,1000,0,n,7,1,27,,3,,,,,,
43,1000,0,n,9,1,28,,1,,,,,,
43,1000,0,y,all,1,29,,2,,,,,,
43,1000,0,n,9,1,30,,3,,,,,,
43,1000,0,y,10,1,31,,1,,,,,,
43,1000,0,n,5,1,32,,1,,,,,,
43,1000,0,BLANK,BLANK,1,33,,BLANK,,,,,,
43,1000,0,n,4,1,34,,1,,,,,,
43,1000,0,n,14,1,35,,3,,,,,,
43,1000,0,BLANK,BLANK,1,36,,BLANK,,,,,,
43,1000,0,n,8,1,37,,3,,,,,,
43,1000,0,n,8,1,38,,1,,,,,,
43,1000,0,n,15,1,39,,2,,,,,,
43,1000,0,y,12,1,40,,1,,,,,,
43,1000,0,BLANK,BLANK,1,41,,BLANK,,,,,,
43,1000,0,y,3,1,42,,2,,,,,,
43,1000,0,y,1,1,43,,2,,,,,,
43,1000,0,BLANK,BLANK,1,44,,BLANK,,,,,,
43,1000,0,y,none,1,45,,2,,,,,,
43,1000,0,n,10,1,46,,3,,,,,,
43,1000,0,y,2,1,47,,2,,,,,,
43,1000,0,n,12,1,48,,3,,,,,,
43,1000,0,y,11,1,49,,3,,,,,,
43,1000,0,y,1,1,50,,3,,,,,,
43,1000,0,y,6,1,51,,3,,,,,,
43,1000,0,n,7,1,52,,1,,,,,,
43,1000,0,y,2,1,53,,1,,,,,,
43,1000,0,y,all,1,54,,1,,,,,,
43,1000,0,y,all,1,55,,3,,,,,,
43,1000,0,n,7,1,56,,2,,,,,,
43,1000,0,BLANK,BLANK,1,57,,BLANK,,,,,,
43,1000,0,n,3,1,58,,2,,,,,,
43,1000,0,BLANK,BLANK,1,59,,BLANK,,,,,,
43,1000,0,BLANK,BLANK,1,60,,BLANK,,,,,,
43,1000,0,n,13,2,61,,3,,,,,,
43,1000,0,y,8,2,62,,1,,,,,,
43,1000,0,y,13,2,63,,3,,,,,,
43,1000,0,BLANK,BLANK,2,64,,BLANK,,,,,,
43,1000,0,n,15,2,65,,3,,,,,,
43,1000,0,n,all,2,66,,3,,,,,,
43,1000,0,y,8,2,67,,2,,,,,,
43,1000,0,n,all,2,68,,2,,,,,,
43,1000,0,y,7,2,69,,3,,,,,,
43,1000,0,n,1,2,70,,2,,,,,,
43,1000,0,n,8,2,71,,2,,,,,,
43,1000,0,BLANK,BLANK,2,72,,BLANK,,,,,,
43,1000,0,y,none,2,73,,3,,,,,,
43,1000,0,y,15,2,74,,1,,,,,,
43,1000,0,y,8,2,75,,3,,,,,,
43,1000,0,y,2,2,76,,3,,,,,,
43,1000,0,BLANK,BLANK,2,77,,BLANK,,,,,,
43,1000,0,y,5,2,78,,3,,,,,,
43,1000,0,y,14,2,79,,3,,,,,,
43,1000,0,n,10,2,80,,2,,,,,,
43,1000,0,BLANK,BLANK,2,81,,BLANK,,,,,,
43,1000,0,n,2,2,82,,1,,,,,,
43,1000,0,n,6,2,83,,3,,,,,,
43,1000,0,y,4,2,84,,3,,,,,,
43,1000,0,n,4,2,85,,2,,,,,,
43,1000,0,y,7,2,86,,2,,,,,,
43,1000,0,BLANK,BLANK,2,87,,BLANK,,,,,,
43,1000,0,y,5,2,88,,1,,,,,,
43,1000,0,y,5,2,89,,2,,,,,,
43,1000,0,n,6,2,90,,1,,,,,,
43,1000,0,n,15,2,91,,1,,,,,,
43,1000,0,n,9,2,92,,2,,,,,,
43,1000,0,n,14,2,93,,1,,,,,,
43,1000,0,n,4,2,94,,3,,,,,,
43,1000,0,y,15,2,95,,3,,,,,,
43,1000,0,y,10,2,96,,2,,,,,,
43,1000,0,n,12,2,97,,1,,,,,,
43,1000,0,y,14,2,98,,1,,,,,,
43,1000,0,BLANK,BLANK,2,99,,BLANK,,,,,,
43,1000,0,y,none,2,100,,1,,,,,,
43,1000,0,y,9,2,101,,1,,,,,,
43,1000,0,y,6,2,102,,2,,,,,,
43,1000,0,y,11,2,103,,1,,,,,,
43,1000,0,BLANK,BLANK,2,104,,BLANK,,,,,,
43,1000,0,BLANK,BLANK,2,105,,BLANK,,,,,,
43,1000,0,n,3,2,106,,3,,,,,,
43,1000,0,n,14,2,107,,2,,,,,,
43,1000,0,y,4,2,108,,2,,,,,,
43,1000,0,n,1,2,109,,1,,,,,,
43,1000,0,n,11,2,110,,3,,,,,,
43,1000,0,y,12,2,111,,2,,,,,,
43,1000,0,BLANK,BLANK,2,112,,BLANK,,,,,,
43,1000,0,BLANK,BLANK,2,113,,BLANK,,,,,,
43,1000,0,y,11,2,114,,2,,,,,,
43,1000,0,BLANK,BLANK,2,115,,BLANK,,,,,,
43,1000,0,BLANK,BLANK,2,116,,BLANK,,,,,,
43,1000,0,n,6,2,117,,2,,,,,,
43,1000,0,y,13,2,118,,1,,,,,,
43,1000,0,y,3,2,119,,1,,,,,,
43,1000,0,n,11,2,120,,1,,,,,,
30,1000,4,n,all,1,1,,2,,,,,,
30,5,0,n,11,1,2,,3,,,,,,
30,1000,12,y,10,1,3,,1,,,,,,
30,100,0,y,8,1,4,,2,,,,,,
30,25,0,y,8,1,5,,2,,,,,,
30,25,0,n,all,1,6,,3,,,,,,
30,0,0,n,10,1,7,,3,,,,,,
30,1,0,y,6,1,8,,2,,,,,,
30,100,0,n,5,1,9,,2,,,,,,
30,400,0,n,all,1,10,,3,,,,,,
30,1000,8,n,14,1,11,,1,,,,,,
30,1000,5.33,n,all,1,12,,1,,,,,,
30,100,0,y,11,1,13,,2,,,,,,
30,1000,9.33,y,8,1,14,,1,,,,,,
30,1000,12,y,3,1,15,,2,,,,,,
30,1000,10.67,n,8,1,16,,1,,,,,,
30,1,0,n,11,1,17,,1,,,,,,
30,5,0,y,none,1,18,,2,,,,,,
30,700,0,y,all,1,19,,1,,,,,,
30,50,0,n,9,1,20,,2,,,,,,
30,1000,6.67,y,all,1,21,,1,,,,,,
30,25,0,n,8,1,22,,2,,,,,,
30,1000,9.33,y,10,1,23,,2,,,,,,
30,25,0,n,6,1,24,,1,,,,,,
30,400,0,y,2,1,25,,3,,,,,,
30,1000,0,BLANK,BLANK,1,26,,BLANK,,,,,,
30,400,0,n,4,1,27,,2,,,,,,
30,1000,8,n,1,1,28,,3,,,,,,
30,1000,1.33,y,13,1,29,,1,,,,,,
30,5,0,n,9,1,30,,2,,,,,,
30,50,0,n,14,1,31,,1,,,,,,
30,25,0,y,9,1,32,,2,,,,,,
30,1000,2.67,n,2,1,33,,3,,,,,,
30,1000,10.67,n,14,1,34,,3,,,,,,
30,5,0,y,12,1,35,,1,,,,,,
30,1000,0,BLANK,BLANK,1,36,,BLANK,,,,,,
30,1000,2.67,n,8,1,37,,3,,,,,,
30,1,0,n,3,1,38,,1,,,,,,
30,1000,2.67,y,3,1,39,,1,,,,,,
30,50,0,y,5,1,40,,1,,,,,,
30,1000,2.67,n,6,1,41,,1,,,,,,
30,1000,12,n,13,1,42,,1,,,,,,
30,1,0,n,9,1,43,,2,,,,,,
30,1000,6.67,y,2,1,44,,2,,,,,,
30,1000,10.67,n,4,1,45,,2,,,,,,
30,1000,8,y,14,1,46,,3,,,,,,
30,1000,6.67,y,1,1,47,,2,,,,,,
30,1000,10.67,n,7,1,48,,1,,,,,,
30,700,0,y,14,1,49,,1,,,,,,
30,5,0,n,11,1,50,,1,,,,,,
30,1000,9.33,n,all,1,51,,3,,,,,,
30,1000,2.67,y,14,1,52,,2,,,,,,
30,100,0,n,11,1,53,,2,,,,,,
30,25,0,y,none,1,54,,3,,,,,,
30,1000,0,n,1,1,55,,1,,,,,,
30,700,0,y,15,1,56,,1,,,,,,
30,25,0,y,7,1,57,,2,,,,,,
30,100,0,y,6,1,58,,3,,,,,,
30,1000,4,n,8,1,59,,3,,,,,,
30,1000,2.67,y,7,1,60,,1,,,,,,
30,0,0,n,9,2,61,,1,,,,,,
30,1000,1.33,y,all,2,62,,2,,,,,,
30,5,0,n,3,2,63,,2,,,,,,
30,1000,8,y,8,2,64,,1,,,,,,
30,1000,2.67,n,3,2,65,,3,,,,,,
30,1000,1.33,n,6,2,66,,2,,,,,,
30,1000,10.67,n,all,2,67,,3,,,,,,
30,1,0,y,1,2,68,,3,,,,,,
30,5,0,n,9,2,69,,1,,,,,,
30,1000,6.67,y,8,2,70,,2,,,,,,
30,1000,10.67,y,15,2,71,,2,,,,,,
30,1000,10.67,n,5,2,72,,3,,,,,,
30,1000,8,y,7,2,73,,2,,,,,,
30,1000,1.33,y,1,2,74,,3,,,,,,
30,1000,0,n,13,2,75,,2,,,,,,
30,1000,0,y,8,2,76,,1,,,,,,
30,1000,12,n,4,2,77,,2,,,,,,
30,1000,0,n,14,2,78,,1,,,,,,
30,5,0,y,13,2,79,,3,,,,,,
30,1,0,y,2,2,80,,3,,,,,,
30,1,0,n,4,2,81,,3,,,,,,
30,1000,1.33,n,all,2,82,,3,,,,,,
30,1000,4,n,15,2,83,,1,,,,,,
30,1000,5.33,y,12,2,84,,3,,,,,,
30,25,0,y,11,2,85,,3,,,,,,
30,5,0,n,6,2,86,,2,,,,,,
30,1000,12,n,11,2,87,,2,,,,,,
30,50,0,n,1,2,88,,1,,,,,,
30,1000,9.33,y,none,2,89,,1,,,,,,
30,1000,6.67,n,7,2,90,,2,,,,,,
30,1000,8,n,10,2,91,,2,,,,,,
30,1000,12,y,12,2,92,,2,,,,,,
30,1000,6.67,n,11,2,93,,2,,,,,,
30,5,0,y,2,2,94,,3,,,,,,
30,700,0,n,11,2,95,,1,,,,,,
30,25,0,n,13,2,96,,1,,,,,,
30,1000,5.33,n,13,2,97,,1,,,,,,
30,50,0,n,10,2,98,,2,,,,,,
30,25,0,y,5,2,99,,3,,,,,,
30,1000,4,y,6,2,100,,1,,,,,,
30,1000,1.33,y,11,2,101,,3,,,,,,
30,1000,6.67,n,4,2,102,,2,,,,,,
30,400,0,y,all,2,103,,3,,,,,,
30,1000,1.33,n,15,2,104,,3,,,,,,
30,1000,12,y,14,2,105,,3,,,,,,
30,10,0,y,1,2,106,,3,,,,,,
30,1000,9.33,n,9,2,107,,3,,,,,,
30,1000,6.67,y,3,2,108,,2,,,,,,
30,1000,5.33,n,5,2,109,,1,,,,,,
30,100,0,y,11,2,110,,1,,,,,,
30,100,0,n,1,2,111,,3,,,,,,
30,1000,10.67,n,6,2,112,,1,,,,,,
30,1000,5.33,y,4,2,113,,1,,,,,,
30,1000,5.33,n,10,2,114,,2,,,,,,
30,1000,10.67,y,all,2,115,,3,,,,,,
30,1000,5.33,y,all,2,116,,2,,,,,,
30,1000,5.33,n,13,2,117,,2,,,,,,
30,1000,2.67,y,none,2,118,,2,,,,,,
30,700,0,n,6,2,119,,1,,,,,,
30,1000,10.67,n,4,2,120,,1,,,,,,
30,50,0,n,1,3,121,,3,,,,,,
30,10,0,n,7,3,122,,1,,,,,,
30,100,0,y,4,3,123,,1,,,,,,
30,1000,1.33,n,13,3,124,,1,,,,,,
30,1000,12,y,14,3,125,,1,,,,,,
30,1000,9.33,n,4,3,126,,3,,,,,,
30,1000,0,BLANK,BLANK,3,127,,BLANK,,,,,,
30,1000,5.33,y,4,3,128,,2,,,,,,
30,1000,1.33,n,8,3,129,,3,,,,,,
30,1000,4,n,4,3,130,,2,,,,,,
30,5,0,n,14,3,131,,2,,,,,,
30,1000,2.67,n,4,3,132,,1,,,,,,
30,1000,1.33,y,7,3,133,,3,,,,,,
30,1000,10.67,y,4,3,134,,3,,,,,,
30,1000,8,y,all,3,135,,1,,,,,,
30,1,0,y,3,3,136,,3,,,,,,
30,10,0,n,3,3,137,,3,,,,,,
30,1000,1.33,y,15,3,138,,1,,,,,,
30,1000,4,n,3,3,139,,3,,,,,,
30,1000,9.33,y,6,3,140,,2,,,,,,
30,10,0,y,13,3,141,,1,,,,,,
30,1000,10.67,n,13,3,142,,1,,,,,,
30,1000,4,y,1,3,143,,3,,,,,,
30,1000,6.67,y,12,3,144,,1,,,,,,
30,1000,8,y,all,3,145,,2,,,,,,
30,1000,2.67,n,6,3,146,,3,,,,,,
30,50,0,n,2,3,147,,1,,,,,,
30,25,0,n,7,3,148,,1,,,,,,
30,1000,12,n,7,3,149,,1,,,,,,
30,1000,5.33,y,all,3,150,,1,,,,,,
30,1000,2.67,y,11,3,151,,1,,,,,,
30,1000,5.33,y,1,3,152,,1,,,,,,
30,1000,12,n,10,3,153,,2,,,,,,
30,400,0,y,4,3,154,,3,,,,,,
30,1000,5.33,y,2,3,155,,2,,,,,,
30,1000,10.67,y,12,3,156,,1,,,,,,
30,1000,10.67,y,8,3,157,,1,,,,,,
30,10,0,n,1,3,158,,3,,,,,,
30,1000,8,n,4,3,159,,1,,,,,,
30,700,0,n,4,3,160,,2,,,,,,
30,1000,12,n,5,3,161,,1,,,,,,
30,700,0,y,6,3,162,,3,,,,,,
30,5,0,y,3,3,163,,3,,,,,,
30,25,0,y,6,3,164,,2,,,,,,
30,1000,1.33,n,15,3,165,,2,,,,,,
30,1000,8,n,11,3,166,,2,,,,,,
30,1000,4,y,none,3,167,,3,,,,,,
30,25,0,n,9,3,168,,2,,,,,,
30,700,0,y,12,3,169,,2,,,,,,
30,5,0,n,all,3,170,,2,,,,,,
30,0,0,n,11,3,171,,1,,,,,,
30,10,0,n,11,3,172,,2,,,,,,
30,1000,0,y,all,3,173,,2,,,,,,
30,400,0,y,13,3,174,,2,,,,,,
30,1000,6.67,y,9,3,175,,3,,,,,,
30,1000,10.67,n,14,3,176,,1,,,,,,
30,400,0,y,3,3,177,,3,,,,,,
30,1000,6.67,n,12,3,178,,1,,,,,,
30,1000,9.33,n,3,3,179,,2,,,,,,
30,1000,2.67,y,12,3,180,,1,,,,,,
30,1000,5.33,y,none,4,181,,3,,,,,,
30,1000,9.33,y,15,4,182,,1,,,,,,
30,5,0,y,11,4,183,,1,,,,,,
30,1000,9.33,y,12,4,184,,2,,,,,,
30,700,0,n,14,4,185,,2,,,,,,
30,25,0,y,8,4,186,,1,,,,,,
30,1,0,n,5,4,187,,1,,,,,,
30,1000,6.67,n,11,4,188,,3,,,,,,
30,1000,4,y,14,4,189,,1,,,,,,
30,1000,1.33,n,2,4,190,,2,,,,,,
30,25,0,n,15,4,191,,3,,,,,,
30,1000,1.33,y,15,4,192,,3,,,,,,
30,1,0,y,14,4,193,,1,,,,,,
30,1000,0,y,15,4,194,,1,,,,,,
30,1000,4,y,13,4,195,,1,,,,,,
30,1000,8,n,2,4,196,,3,,,,,,
30,0,0,n,14,4,197,,2,,,,,,
30,1000,9.33,y,all,4,198,,3,,,,,,
30,1000,5.33,y,3,4,199,,3,,,,,,
30,1000,9.33,n,6,4,200,,2,,,,,,
30,1000,0,n,4,4,201,,1,,,,,,
30,1,0,y,7,4,202,,3,,,,,,
30,1000,2.67,n,7,4,203,,2,,,,,,
30,1000,1.33,n,12,4,204,,3,,,,,,
30,1000,8,y,3,4,205,,1,,,,,,
30,10,0,n,all,4,206,,2,,,,,,
30,1000,4,y,11,4,207,,2,,,,,,
30,1000,0,BLANK,BLANK,4,208,,BLANK,,,,,,
30,1000,9.33,n,13,4,209,,3,,,,,,
30,700,0,y,13,4,210,,2,,,,,,
30,700,0,y,4,4,211,,2,,,,,,
30,25,0,y,4,4,212,,3,,,,,,
30,700,0,n,11,4,213,,3,,,,,,
30,5,0,n,15,4,214,,2,,,,,,
30,1000,9.33,y,5,4,215,,2,,,,,,
30,5,0,y,15,4,216,,1,,,,,,
30,1000,6.67,y,8,4,217,,1,,,,,,
30,0,0,n,all,4,218,,3,,,,,,
30,1000,9.33,n,15,4,219,,2,,,,,,
30,1,0,y,10,4,220,,3,,,,,,
30,25,0,n,all,4,221,,1,,,,,,
30,1000,0,BLANK,BLANK,4,222,,BLANK,,,,,,
30,400,0,n,12,4,223,,3,,,,,,
30,1000,5.33,n,5,4,224,,3,,,,,,
30,400,0,y,3,4,225,,1,,,,,,
30,1000,8,y,6,4,226,,3,,,,,,
30,100,0,n,3,4,227,,1,,,,,,
30,10,0,y,6,4,228,,3,,,,,,
30,1000,2.67,y,4,4,229,,3,,,,,,
30,1000,6.67,n,all,4,230,,1,,,,,,
30,1000,10.67,y,2,4,231,,3,,,,,,
30,50,0,y,10,4,232,,2,,,,,,
30,1000,2.67,n,14,4,233,,1,,,,,,
30,10,0,n,15,4,234,,2,,,,,,
30,1000,5.33,n,all,4,235,,2,,,,,,
30,700,0,n,14,4,236,,1,,,,,,
30,0,0,n,15,4,237,,2,,,,,,
30,5,0,n,1,4,238,,3,,,,,,
30,400,0,y,8,4,239,,3,,,,,,
30,1000,12,y,7,4,240,,1,,,,,,
30,0,0,y,7,5,241,,3,,,,,,
30,1000,5.33,n,8,5,242,,1,,,,,,
30,5,0,y,6,5,243,,3,,,,,,
30,1000,0,y,14,5,244,,3,,,,,,
30,10,0,n,14,5,245,,1,,,,,,
30,400,0,y,14,5,246,,1,,,,,,
30,10,0,n,1,5,247,,2,,,,,,
30,1000,1.33,n,5,5,248,,1,,,,,,
30,5,0,y,1,5,249,,3,,,,,,
30,1,0,n,10,5,250,,2,,,,,,
30,50,0,n,5,5,251,,3,,,,,,
30,50,0,n,9,5,252,,1,,,,,,
30,10,0,y,4,5,253,,1,,,,,,
30,5,0,y,1,5,254,,1,,,,,,
30,1000,1.33,n,1,5,255,,3,,,,,,
30,5,0,y,15,5,256,,3,,,,,,
30,50,0,y,5,5,257,,3,,,,,,
30,0,0,n,3,5,258,,1,,,,,,
30,1000,2.67,y,10,5,259,,1,,,,,,
30,5,0,n,13,5,260,,3,,,,,,
30,1000,5.33,n,7,5,261,,3,,,,,,
30,1000,2.67,n,8,5,262,,2,,,,,,
30,1000,10.67,y,14,5,263,,1,,,,,,
30,1000,2.67,y,1,5,264,,2,,,,,,
30,0,0,n,6,5,265,,2,,,,,,
30,100,0,n,7,5,266,,3,,,,,,
30,1,0,y,14,5,267,,3,,,,,,
30,10,0,y,2,5,268,,1,,,,,,
30,1000,12,n,4,5,269,,3,,,,,,
30,100,0,n,8,5,270,,1,,,,,,
30,1000,0,n,8,5,271,,3,,,,,,
30,1000,10.67,n,10,5,272,,3,,,,,,
30,1000,1.33,n,10,5,273,,3,,,,,,
30,1000,0,n,3,5,274,,3,,,,,,
30,1000,8,y,12,5,275,,1,,,,,,
30,1000,4,n,12,5,276,,2,,,,,,
30,1000,6.67,y,5,5,277,,3,,,,,,
30,1000,0,BLANK,BLANK,5,278,,BLANK,,,,,,
30,1000,5.33,n,1,5,279,,2,,,,,,
30,100,0,y,15,5,280,,2,,,,,,
30,50,0,n,6,5,281,,3,,,,,,
30,1000,6.67,n,6,5,282,,1,,,,,,
30,700,0,y,12,5,283,,1,,,,,,
30,1000,12,y,11,5,284,,1,,,,,,
30,50,0,n,8,5,285,,2,,,,,,
30,1000,9.33,n,7,5,286,,2,,,,,,
30,1000,8,n,15,5,287,,3,,,,,,
30,1000,6.67,y,10,5,288,,3,,,,,,
30,1000,6.67,n,12,5,289,,3,,,,,,
30,5,0,n,15,5,290,,1,,,,,,
30,1000,4,y,2,5,291,,2,,,,,,
30,1000,6.67,n,2,5,292,,3,,,,,,
30,1000,0,BLANK,BLANK,5,293,,BLANK,,,,,,
30,400,0,n,14,5,294,,2,,,,,,
30,700,0,y,all,5,295,,3,,,,,,
30,1000,1.33,n,3,5,296,,1,,,,,,
30,1000,1.33,y,1,5,297,,2,,,,,,
30,50,0,n,7,5,298,,3,,,,,,
30,0,0,y,5,5,299,,3,,,,,,
30,100,0,y,5,5,300,,2,,,,,,
30,1000,1.33,y,3,6,301,,1,,,,,,
30,400,0,n,12,6,302,,1,,,,,,
30,1000,9.33,n,15,6,303,,3,,,,,,
30,1000,9.33,y,14,6,304,,3,,,,,,
30,1000,8,y,8,6,305,,3,,,,,,
30,1000,2.67,n,10,6,306,,2,,,,,,
30,100,0,y,1,6,307,,2,,,,,,
30,700,0,y,2,6,308,,2,,,,,,
30,100,0,n,4,6,309,,3,,,,,,
30,1000,0,y,8,6,310,,3,,,,,,
30,1000,12,n,6,6,311,,2,,,,,,
30,1000,4,y,7,6,312,,1,,,,,,
30,1000,9.33,y,9,6,313,,2,,,,,,
30,1000,10.67,y,none,6,314,,3,,,,,,
30,100,0,n,9,6,315,,3,,,,,,
30,50,0,y,10,6,316,,1,,,,,,
30,50,0,y,2,6,317,,3,,,,,,
30,5,0,n,8,6,318,,3,,,,,,
30,1000,9.33,n,1,6,319,,2,,,,,,
30,25,0,y,2,6,320,,1,,,,,,
30,25,0,y,10,6,321,,3,,,,,,
30,100,0,n,8,6,322,,2,,,,,,
30,700,0,y,1,6,323,,2,,,,,,
30,0,0,y,4,6,324,,2,,,,,,
30,1000,0,y,10,6,325,,3,,,,,,
30,1,0,y,4,6,326,,3,,,,,,
30,5,0,n,4,6,327,,3,,,,,,
30,1000,6.67,y,15,6,328,,1,,,,,,
30,1000,2.67,n,all,6,329,,1,,,,,,
30,1000,6.67,y,6,6,330,,2,,,,,,
30,1000,6.67,y,11,6,331,,3,,,,,,
30,1000,4,n,14,6,332,,1,,,,,,
30,1000,8,n,all,6,333,,1,,,,,,
30,100,0,y,12,6,334,,2,,,,,,
30,1000,0,n,12,6,335,,2,,,,,,
30,1000,12,y,12,6,336,,3,,,,,,
30,1000,9.33,n,5,6,337,,1,,,,,,
30,50,0,n,1,6,338,,2,,,,,,
30,1000,12,y,10,6,339,,3,,,,,,
30,1000,6.67,n,1,6,340,,1,,,,,,
30,1,0,y,10,6,341,,1,,,,,,
30,5,0,n,8,6,342,,1,,,,,,
30,25,0,n,14,6,343,,3,,,,,,
30,1000,6.67,n,5,6,344,,1,,,,,,
30,1000,5.33,y,11,6,345,,3,,,,,,
30,25,0,n,12,6,346,,2,,,,,,
30,1000,8,y,12,6,347,,2,,,,,,
30,10,0,n,4,6,348,,1,,,,,,
30,1000,6.67,n,13,6,349,,1,,,,,,
30,1000,12,y,15,6,350,,3,,,,,,
30,1000,1.33,n,6,6,351,,3,,,,,,
30,1000,9.33,y,6,6,352,,3,,,,,,
30,1000,4,n,11,6,353,,3,,,,,,
30,1000,8,n,6,6,354,,2,,,,,,
30,0,0,y,7,6,355,,2,,,,,,
30,0,0,n,7,6,356,,3,,,,,,
30,5,0,y,14,6,357,,1,,,,,,
30,1000,0,BLANK,BLANK,6,358,,BLANK,,,,,,
30,400,0,n,7,6,359,,1,,,,,,
30,1,0,n,5,6,360,,3,,,,,,
30,1000,2.67,n,13,7,361,,3,,,,,,
30,1000,1.33,y,none,7,362,,1,,,,,,
30,0,0,n,6,7,363,,1,,,,,,
30,1000,10.67,y,12,7,364,,3,,,,,,
30,1000,8,y,15,7,365,Got 8 instead of 15. ,3,,,,,,
30,10,0,y,8,7,366,,2,,,,,,
30,1000,2.67,y,8,7,367,,3,,,,,,
30,1000,0,BLANK,BLANK,7,368,,BLANK,,,,,,
30,50,0,n,all,7,369,,1,,,,,,
30,1000,0,n,7,7,370,,3,,,,,,
30,1000,8,y,5,7,371,,3,,,,,,
30,0,0,y,3,7,372,,3,,,,,,
30,50,0,y,11,7,373,,2,,,,,,
30,1000,5.33,n,9,7,374,,3,,,,,,
30,1000,2.67,n,5,7,375,,2,,,,,,
30,1000,10.67,n,9,7,376,,2,,,,,,
30,1000,0,BLANK,BLANK,7,377,,BLANK,,,,,,
30,1000,6.67,y,13,7,378,,2,,,,,,
30,10,0,n,13,7,379,,3,,,,,,
30,400,0,n,5,7,380,,3,,,,,,
30,10,0,y,12,7,381,,1,,,,,,
30,10,0,n,13,7,382,,1,,,,,,
30,700,0,n,6,7,383,,2,,,,,,
30,1000,0,n,12,7,384,,1,,,,,,
30,1000,6.67,n,3,7,385,,3,,,,,,
30,5,0,n,12,7,386,,3,,,,,,
30,700,0,n,5,7,387,,2,,,,,,
30,1,0,n,11,7,388,,2,,,,,,
30,100,0,y,none,7,389,,1,,,,,,
30,25,0,y,15,7,390,,3,,,,,,
30,10,0,n,8,7,391,,3,,,,,,
30,25,0,y,2,7,392,,3,,,,,,
30,1000,4,n,15,7,393,,3,,,,,,
30,50,0,y,14,7,394,,3,,,,,,
30,1000,6.67,y,11,7,395,,1,,,,,,
30,1000,0,y,5,7,396,,3,,,,,,
30,1000,10.67,n,15,7,397,,3,,,,,,
30,1000,5.33,y,6,7,398,,3,,,,,,
30,1000,0,n,15,7,399,,1,,,,,,
30,1000,10.67,n,2,7,400,,2,,,,,,
30,1000,0,n,3,7,401,,1,,,,,,
30,1000,6.67,n,4,7,402,,1,,,,,,
30,1000,12,y,15,7,403,,2,,,,,,
30,1,0,y,9,7,404,,1,,,,,,
30,1000,12,n,5,7,405,,2,,,,,,
30,50,0,n,7,7,406,,1,,,,,,
30,10,0,n,2,7,407,,2,,,,,,
30,1000,1.33,n,9,7,408,,1,,,,,,
30,1000,12,y,15,7,409,,1,,,,,,
30,1000,0,n,14,7,410,,3,,,,,,
30,1000,8,n,13,7,411,,2,,,,,,
30,10,0,n,9,7,412,,3,,,,,,
30,1,0,n,1,7,413,,2,,,,,,
30,400,0,n,5,7,414,,1,,,,,,
30,1000,4,n,10,7,415,,2,,,,,,
30,1000,8,y,none,7,416,,2,,,,,,
30,1,0,y,13,7,417,,3,,,,,,
30,50,0,n,3,7,418,,1,,,,,,
30,700,0,n,7,7,419,,2,,,,,,
30,0,0,y,5,7,420,,2,,,,,,
30,5,0,n,4,8,421,,2,,,,,,
30,1000,4,y,6,8,422,,2,,,,,,
30,1000,2.67,y,1,8,423,,3,,,,,,
30,50,0,n,8,8,424,,3,,,,,,
30,700,0,n,2,8,425,,3,,,,,,
30,1,0,n,3,8,426,,2,,,,,,
30,1000,4,y,all,8,427,,2,,,,,,
30,100,0,n,11,8,428,,1,,,,,,
30,25,0,n,1,8,429,,2,,,,,,
30,400,0,y,7,8,430,,2,,,,,,
30,1000,8,y,9,8,431,,1,,,,,,
30,1000,9.33,n,1,8,432,,3,,,,,,
30,1000,6.67,y,6,8,433,,1,,,,,,
30,1000,9.33,n,7,8,434,,3,,,,,,
30,25,0,y,all,8,435,,3,,,,,,
30,50,0,n,15,8,436,,2,,,,,,
30,1,0,n,12,8,437,,3,,,,,,
30,400,0,n,10,8,438,,3,,,,,,
30,1000,12,n,14,8,439,,1,,,,,,
30,1000,5.33,n,11,8,440,,1,,,,,,
30,1000,4,n,1,8,441,,3,,,,,,
30,1,0,y,15,8,442,,3,,,,,,
30,1000,12,y,4,8,443,,3,,,,,,
30,1000,5.33,n,3,8,444,,2,,,,,,
30,1000,4,n,10,8,445,,1,,,,,,
30,25,0,n,11,8,446,,2,,,,,,
30,1000,1.33,n,13,8,447,,2,,,,,,
30,1000,1.33,y,4,8,448,,2,,,,,,
30,1000,6.67,n,5,8,449,,2,,,,,,
30,5,0,y,6,8,450,,1,,,,,,
30,50,0,y,8,8,451,,1,,,,,,
30,400,0,y,6,8,452,,2,,,,,,
30,1000,0,y,4,8,453,,1,,,,,,
30,0,0,y,all,8,454,,2,,,,,,
30,1000,10.67,y,all,8,455,,2,,,,,,
30,700,0,n,all,8,456,,3,,,,,,
30,700,0,n,10,8,457,,1,,,,,,
30,25,0,y,12,8,458,,1,,,,,,
30,1000,2.67,y,4,8,459,,1,,,,,,
30,1000,5.33,n,8,8,460,,2,,,,,,
30,1000,0,BLANK,BLANK,8,461,,BLANK,,,,,,
30,5,0,n,5,8,462,,2,,,,,,
30,1000,4,n,13,8,463,,3,,,,,,
30,1000,10.67,y,1,8,464,,1,,,,,,
30,1000,5.33,y,none,8,465,,1,,,,,,
30,1000,4,y,15,8,466,,1,,,,,,
30,1000,5.33,y,none,8,467,,2,,,,,,
30,1000,6.67,n,10,8,468,,1,,,,,,
30,400,0,n,4,8,469,,1,,,,,,
30,10,0,n,1,8,470,,1,,,,,,
30,1000,12,y,8,8,471,,1,,,,,,
30,1000,12,y,none,8,472,,2,,,,,,
30,1000,12,y,8,8,473,,3,,,,,,
30,50,0,y,1,8,474,,4,,,,,,
30,0,0,y,1,8,475,,1,,,,,,
30,1000,12,n,5,8,476,,3,,,,,,
30,1000,5.33,y,14,8,477,,3,,,,,,
30,50,0,n,10,8,478,,3,,,,,,
30,10,0,n,8,8,479,,1,,,,,,
30,1000,1.33,y,4,8,480,,3,,,,,,
30,1000,8,n,8,9,481,,1,,,,,,
30,0,0,y,8,9,482,,2,,,,,,
30,50,0,n,6,9,483,,2,,,,,,
30,1000,8,n,10,9,484,,1,,,,,,
30,1000,4,n,9,9,485,,1,,,,,,
30,700,0,y,10,9,486,,1,,,,,,
30,1000,9.33,y,5,9,487,,1,,,,,,
30,1000,4,y,10,9,488,,1,,,,,,
30,1000,1.33,y,15,9,489,,2,,,,,,
30,1,0,y,5,9,490,,1,,,,,,
30,1000,12,n,10,9,491,,1,,,,,,
30,5,0,n,1,9,492,,1,,,,,,
30,1000,4,y,13,9,493,,2,,,,,,
30,1000,8,n,7,9,494,,3,,,,,,
30,1000,8,n,11,9,495,,3,,,,,,
30,100,0,n,14,9,496,,2,,,,,,
30,1000,10.67,n,5,9,497,,1,,,,,,
30,25,0,y,15,9,498,,2,,,,,,
30,1000,4,n,11,9,499,,1,,,,,,
30,1000,6.67,y,all,9,500,,2,,,,,,
30,1000,4,y,9,9,501,,3,,,,,,
30,1000,12,n,8,9,502,,3,,,,,,
30,1000,1.33,y,5,9,503,,1,,,,,,
30,400,0,n,15,9,504,,2,,,,,,
30,1000,4,n,6,9,505,,1,,,,,,
30,1000,8,y,9,9,506,,3,,,,,,
30,1000,0,n,all,9,507,,2,,,,,,
30,0,0,n,10,9,508,,1,,,,,,
30,1000,12,y,10,9,509,,2,,,,,,
30,1000,1.33,n,4,9,510,,3,,,,,,
30,400,0,n,6,9,511,,1,,,,,,
30,0,0,y,13,9,512,,1,,,,,,
30,25,0,y,10,9,513,,1,,,,,,
30,10,0,n,5,9,514,,2,,,,,,
30,10,0,y,14,9,515,,1,,,,,,
30,400,0,y,8,9,516,,2,,,,,,
30,1000,0,y,9,9,517,,3,,,,,,
30,1000,2.67,y,7,9,518,,3,,,,,,
30,5,0,y,9,9,519,,2,,,,,,
30,1000,2.67,n,7,9,520,,3,,,,,,
30,1000,0,y,9,9,521,,1,,,,,,
30,1000,0,n,4,9,522,,3,,,,,,
30,1000,6.67,n,11,9,523,,1,,,,,,
30,1,0,y,6,9,524,,1,,,,,,
30,1000,2.67,n,9,9,525,,1,,,,,,
30,400,0,y,8,9,526,,1,,,,,,
30,1000,5.33,y,5,9,527,,2,,,,,,
30,1000,1.33,y,9,9,528,,3,,,,,,
30,50,0,y,15,9,529,,3,,,,,,
30,1000,6.67,y,1,9,530,,3,,,,,,
30,1000,0,y,5,9,531,,2,,,,,,
30,0,0,n,12,9,532,,1,,,,,,
30,1,0,y,2,9,533,,2,,,,,,
30,50,0,y,6,9,534,,3,,,,,,
30,0,0,y,9,9,535,,2,,,,,,
30,100,0,n,14,9,536,,1,,,,,,
30,50,0,n,15,9,537,,1,,,,,,
30,1000,9.33,n,10,9,538,,3,,,,,,
30,5,0,y,all,9,539,,1,,,,,,
30,1000,10.67,n,1,9,540,,1,,,,,,
30,1000,8,y,9,10,541,,2,,,,,,
30,50,0,y,11,10,542,,1,,,,,,
30,100,0,n,13,10,543,,2,,,,,,
30,1000,9.33,n,11,10,544,,3,,,,,,
30,1000,0,n,11,10,545,,2,,,,,,
30,1000,6.67,y,9,10,546,,1,,,,,,
30,100,0,y,4,10,547,,3,,,,,,
30,1000,6.67,n,3,10,548,,1,,,,,,
30,400,0,n,14,10,549,,3,,,,,,
30,0,0,y,14,10,550,,1,,,,,,
30,50,0,y,13,10,551,,3,,,,,,
30,1000,12,n,1,10,552,,1,,,,,,
30,1000,9.33,n,14,10,553,,3,,,,,,
30,1000,5.33,y,8,10,554,,2,,,,,,
30,700,0,y,9,10,555,,1,,,,,,
30,1000,2.67,y,4,10,556,,2,,,,,,
30,1000,9.33,y,7,10,557,,1,,,,,,
30,700,0,n,9,10,558,,3,,,,,,
30,1000,0,n,9,10,559,,3,,,,,,
30,1000,10.67,n,4,10,560,,3,,,,,,
30,100,0,n,6,10,561,,3,,,,,,
30,5,0,n,4,10,562,,1,,,,,,
30,1000,5.33,y,5,10,563,,1,,,,,,
30,1000,2.67,n,13,10,564,,1,,,,,,
30,400,0,y,9,10,565,,2,,,,,,
30,1000,0,BLANK,BLANK,10,566,,BLANK,,,,,,
30,1000,0,n,10,10,567,,1,,,,,,
30,50,0,y,none,10,568,,3,,,,,,
30,1000,5.33,n,6,10,569,,2,,,,,,
30,50,0,y,all,10,570,,3,,,,,,
30,100,0,y,14,10,571,,2,,,,,,
30,1000,4,n,4,10,572,,3,,,,,,
30,50,0,n,15,10,573,,3,,,,,,
30,1000,0,y,7,10,574,,2,,,,,,
30,400,0,n,8,10,575,,3,,,,,,
30,400,0,y,9,10,576,,3,,,,,,
30,10,0,n,2,10,577,,1,,,,,,
30,1000,8,n,14,10,578,,2,,,,,,
30,10,0,y,all,10,579,,2,,,,,,
30,1000,8,n,4,10,580,,2,,,,,,
30,100,0,y,3,10,581,,2,,,,,,
30,400,0,y,7,10,582,,3,,,,,,
30,1000,6.67,y,13,10,583,,3,,,,,,
30,1000,6.67,n,13,10,584,,3,,,,,,
30,1,0,n,all,10,585,,1,,,,,,
30,25,0,n,13,10,586,,3,,,,,,
30,1000,4,y,4,10,587,,2,,,,,,
30,1000,12,y,all,10,588,,1,,,,,,
30,10,0,y,9,10,589,,2,,,,,,
30,5,0,y,none,10,590,,3,,,,,,
30,1000,8,n,1,10,591,,2,,,,,,
30,1000,10.67,y,6,10,592,,1,,,,,,
30,1000,10.67,n,3,10,593,,2,,,,,,
30,1000,1.33,n,12,10,594,,1,,,,,,
30,1000,9.33,y,4,10,595,,1,,,,,,
30,25,0,y,8,10,596,,3,,,,,,
30,1000,8,n,6,10,597,,1,,,,,,
30,1000,2.67,y,6,10,598,,2,,,,,,
30,1000,9.33,n,2,10,599,,3,,,,,,
30,1000,4,y,all,10,600,,1,,,,,,
30,400,0,n,10,11,601,,2,,,,,,
30,400,0,y,none,11,602,,3,,,,,,
30,400,0,y,2,11,603,,1,,,,,,
30,0,0,n,2,11,604,,1,,,,,,
30,400,0,n,1,11,605,,3,,,,,,
30,1000,10.67,n,14,11,606,,2,,,,,,
30,400,0,n,2,11,607,,3,,,,,,
30,100,0,y,9,11,608,,3,,,,,,
30,10,0,y,4,11,609,,2,,,,,,
30,1000,9.33,y,2,11,610,,2,,,,,,
30,1000,5.33,n,12,11,611,,2,,,,,,
30,0,0,y,6,11,612,,1,,,,,,
30,0,0,y,15,11,613,,3,,,,,,
30,1000,10.67,y,5,11,614,,2,,,,,,
30,10,0,n,12,11,615,,3,,,,,,
30,1000,1.33,n,14,11,616,,2,,,,,,
30,1000,4,n,11,11,617,,2,,,,,,
30,1000,2.67,n,3,11,618,,2,,,,,,
30,1000,10.67,y,7,11,619,,1,,,,,,
30,1000,10.67,n,1,11,620,,3,,,,,,
30,1000,12,n,2,11,621,,1,,,,,,
30,100,0,y,2,11,622,,3,,,,,,
30,1000,8,n,3,11,623,,1,,,,,,
30,1000,4,y,all,11,624,,3,,,,,,
30,100,0,n,5,11,625,,3,,,,,,
30,1000,9.33,n,4,11,626,,2,,,,,,
30,1000,4,n,2,11,627,,2,,,,,,
30,100,0,n,12,11,628,,3,,,,,,
30,100,0,y,1,11,629,,3,,,,,,
30,1000,5.33,n,11,11,630,,3,,,,,,
30,1000,0,y,15,11,631,,2,,,,,,
30,1000,5.33,y,4,11,632,,3,,,,,,
30,1000,4,y,2,11,633,,1,,,,,,
30,1000,8,y,15,11,634,,1,,,,,,
30,1000,9.33,y,all,11,635,,1,,,,,,
30,0,0,y,9,11,636,,3,,,,,,
30,1000,8,n,10,11,637,,3,,,,,,
30,25,0,n,4,11,638,,2,,,,,,
30,1000,9.33,n,15,11,639,,1,,,,,,
30,1000,6.67,y,12,11,640,,3,,,,,,
30,50,0,y,14,11,641,,1,,,,,,
30,1000,4,y,8,11,642,,2,,,,,,
30,1000,1.33,y,10,11,643,,2,,,,,,
30,1000,12,y,13,11,644,,2,,,,,,
30,25,0,y,7,11,645,,3,,,,,,
30,5,0,y,11,11,646,,2,,,,,,
30,1000,8,n,8,11,647,,3,,,,,,
30,100,0,n,9,11,648,,2,,,,,,
30,0,0,n,7,11,649,,2,,,,,,
30,5,0,n,10,11,650,,3,,,,,,
30,50,0,y,7,11,651,,2,,,,,,
30,0,0,y,3,11,652,,2,,,,,,
30,1000,0,y,13,11,653,,1,,,,,,
30,5,0,y,8,11,654,,1,,,,,,
30,5,0,y,10,11,655,,1,,,,,,
30,10,0,n,5,11,656,,1,,,,,,
30,1000,2.67,n,10,11,657,,1,,,,,,
30,1000,10.67,y,none,11,658,,2,,,,,,
30,700,0,y,all,11,659,,2,,,,,,
30,0,0,n,11,11,660,,3,,,,,,
30,1000,8,n,9,12,661,,2,,,,,,
30,10,0,y,10,12,662,,2,,,,,,
30,1000,12,n,9,12,663,,1,,,,,,
30,1000,8,y,1,12,664,,2,,,,,,
30,1000,9.33,y,5,12,665,,3,,,,,,
30,1000,4,y,5,12,666,,1,,,,,,
30,700,0,n,5,12,667,,3,,,,,,
30,1000,5.33,y,3,12,668,,1,,,,,,
30,100,0,y,10,12,669,,3,,,,,,
30,50,0,y,none,12,670,,1,,,,,,
30,0,0,y,15,12,671,,1,,,,,,
30,1,0,n,5,12,672,,2,,,,,,
30,5,0,n,12,12,673,,2,,,,,,
30,1000,8,y,15,12,674,,2,,,,,,
30,0,0,y,none,12,675,,3,,,,,,
30,50,0,y,14,12,676,,2,,,,,,
30,700,0,n,3,12,677,,3,,,,,,
30,400,0,y,all,12,678,,2,,,,,,
30,1000,9.33,n,13,12,679,,1,,,,,,
30,1000,9.33,y,9,12,680,,3,,,,,,
30,1000,0,BLANK,BLANK,12,681,,BLANK,,,,,,
30,400,0,n,all,12,682,,2,,,,,,
30,1000,0,BLANK,BLANK,12,683,,BLANK,,,,,,
30,1000,12,y,none,12,684,,1,,,,,,
30,50,0,n,2,12,685,,3,,,,,,
30,1000,2.67,n,15,12,686,,3,,,,,,
30,0,0,y,4,12,687,,1,,,,,,
30,5,0,y,13,12,688,,1,,,,,,
30,5,0,n,2,12,689,,1,,,,,,
30,1,0,n,8,12,690,,2,,,,,,
30,1000,8,n,2,12,691,,1,,,,,,
30,1000,12,y,7,12,692,,3,,,,,,
30,25,0,y,1,12,693,,1,,,,,,
30,1000,2.67,y,all,12,694,,1,,,,,,
30,1000,9.33,n,2,12,695,,2,,,,,,
30,1000,10.67,y,9,12,696,,3,,,,,,
30,0,0,n,8,12,697,,3,,,,,,
30,5,0,y,9,12,698,,3,,,,,,
30,1000,2.67,n,15,12,699,,1,,,,,,
30,1,0,y,none,12,700,,3,,,,,,
30,1000,12,n,all,12,701,,1,,,,,,
30,10,0,y,all,12,702,,3,,,,,,
30,1000,6.67,n,15,12,703,,2,,,,,,
30,1000,12,y,11,12,704,,2,,,,,,
30,1000,1.33,n,14,12,705,,1,,,,,,
30,1000,4,y,14,12,706,,2,,,,,,
30,1000,8,y,5,12,707,,1,,,,,,
30,1,0,n,12,12,708,,2,,,,,,
30,1,0,n,12,12,709,,1,,,,,,
30,5,0,y,6,12,710,,2,,,,,,
30,10,0,y,all,12,711,,1,,,,,,
30,50,0,y,2,12,712,,2,,,,,,
30,25,0,n,all,12,713,,2,,,,,,
30,1000,2.67,n,8,12,714,,1,,,,,,
30,100,0,y,10,12,715,,2,,,,,,
30,0,0,y,15,12,716,,2,,,,,,
30,1000,1.33,y,all,12,717,,3,,,,,,
30,1,0,n,15,12,718,,2,,,,,,
30,5,0,n,11,12,719,,2,,,,,,
30,25,0,n,15,12,720,,1,,,,,,
30,25,0,y,3,13,721,,3,,,,,,
30,400,0,n,2,13,722,,2,,,,,,
30,1000,6.67,n,14,13,723,,2,,,,,,
30,1000,5.33,n,7,13,724,,1,,,,,,
30,1000,2.67,y,2,13,725,,2,,,,,,
30,1000,1.33,n,2,13,726,,1,,,,,,
30,50,0,y,12,13,727,,2,,,,,,
30,1000,12,y,13,13,728,,1,,,,,,
30,25,0,n,12,13,729,,3,,,,,,
30,1000,8,y,8,13,730,,2,,,,,,
30,1000,9.33,y,4,13,731,,2,,,,,,
30,10,0,y,14,13,732,,3,,,,,,
30,1,0,y,3,13,733,,1,,,,,,
30,1000,6.67,y,none,13,734,,1,,,,,,
30,100,0,n,all,13,735,,2,,,,,,
30,1000,4,y,3,13,736,,1,,,,,,
30,0,0,n,9,13,737,,3,,,,,,
30,700,0,n,12,13,738,,2,,,,,,
30,0,0,n,1,13,739,,3,,,,,,
30,1000,4,y,7,13,740,,2,,,,,,
30,1000,10.67,y,7,13,741,,3,,,,,,
30,5,0,y,7,13,742,,3,,,,,,
30,1000,8,y,6,13,743,,1,,,,,,
30,1000,1.33,y,12,13,744,,3,,,,,,
30,700,0,y,13,13,745,,3,,,,,,
30,25,0,n,2,13,746,,3,,,,,,
30,25,0,y,14,13,747,,3,,,,,,
30,1000,5.33,y,12,13,748,,1,,,,,,
30,700,0,y,15,13,749,,2,,,,,,
30,1000,10.67,n,6,13,750,,3,,,,,,
30,1000,10.67,n,7,13,751,,2,,,,,,
30,1,0,y,8,13,752,,2,,,,,,
30,1000,10.67,y,14,13,753,,3,,,,,,
30,1000,9.33,y,14,13,754,,1,,,,,,
30,1000,4,y,10,13,755,,3,,,,,,
30,100,0,n,2,13,756,,3,,,,,,
30,1000,5.33,y,10,13,757,,1,,,,,,
30,1000,4,n,5,13,758,,3,,,,,,
30,10,0,y,2,13,759,,3,,,,,,
30,1000,9.33,y,all,13,760,,2,,,,,,
30,1000,0,n,10,13,761,,2,,,,,,
30,1000,9.33,n,11,13,762,,2,,,,,,
30,1000,6.67,y,7,13,763,,1,,,,,,
30,50,0,n,11,13,764,,1,,,,,,
30,700,0,y,14,13,765,,2,,,,,,
30,5,0,n,7,13,766,,1,,,,,,
30,1000,6.67,y,3,13,767,,3,,,,,,
30,700,0,y,9,13,768,,3,,,,,,
30,1000,4,y,2,13,769,,3,,,,,,
30,700,0,n,9,13,770,,2,,,,,,
30,1000,6.67,n,5,13,771,,3,,,,,,
30,700,0,n,10,13,772,,3,,,,,,
30,1000,9.33,y,12,13,773,,3,,,,,,
30,50,0,n,6,13,774,,1,,,,,,
30,400,0,n,12,13,775,,2,,,,,,
30,50,0,n,13,13,776,,2,,,,,,
30,400,0,y,6,13,777,,3,,,,,,
30,1000,0,BLANK,BLANK,13,778,,BLANK,,,,,,
30,10,0,n,15,13,779,,3,,,,,,
30,1000,5.33,y,10,13,780,,2,,,,,,
30,1000,10.67,n,12,14,781,,1,,,,,,
30,1000,2.67,y,8,14,782,,2,,,,,,
30,10,0,y,11,14,783,,1,,,,,,
30,1000,8,y,11,14,784,,3,,,,,,
30,25,0,n,7,14,785,,3,,,,,,
30,400,0,y,11,14,786,,3,,,,,,
30,100,0,n,3,14,787,,2,,,,,,
30,700,0,y,1,14,788,,3,,,,,,
30,1000,6.67,n,10,14,789,,3,,,,,,
30,1000,9.33,n,12,14,790,,3,,,,,,
30,1000,2.67,n,11,14,791,,3,,,,,,
30,1000,8,n,2,14,792,,2,,,,,,
30,1000,12,n,6,14,793,,3,,,,,,
30,50,0,n,14,14,794,,3,,,,,,
30,1000,10.67,y,3,14,795,,1,,,,,,
30,1,0,n,6,14,796,,3,,,,,,
30,1000,6.67,y,5,14,797,,1,,,,,,
30,1,0,n,3,14,798,,3,,,,,,
30,1000,8,y,14,14,799,,1,,,,,,
30,5,0,n,3,14,800,,1,,,,,,
30,1000,5.33,n,10,14,801,,1,,,,,,
30,10,0,y,9,14,802,,1,,,,,,
30,50,0,n,12,14,803,,2,,,,,,
30,100,0,n,8,14,804,,3,,,,,,
30,50,0,y,1,14,805,,3,,,,,,
30,5,0,n,all,14,806,,3,,,,,,
30,1000,12,n,3,14,807,,1,,,,,,
30,1000,1.33,y,11,14,808,,2,,,,,,
30,1000,1.33,n,5,14,809,,2,,,,,,
30,5,0,y,5,14,810,,3,,,,,,
30,5,0,y,8,14,811,,3,,,,,,
30,1000,10.67,y,8,14,812,,3,,,,,,
30,50,0,n,7,14,813,,2,,,,,,
30,700,0,n,2,14,814,,1,,,,,,
30,1,0,n,15,14,815,,1,,,,,,
30,1000,5.33,y,6,14,816,,1,,,,,,
30,1000,6.67,y,12,14,817,,2,,,,,,
30,1000,10.67,n,15,14,818,,1,,,,,,
30,1000,0,BLANK,BLANK,14,819,,BLANK,,,,,,
30,1000,12,n,12,14,820,,3,,,,,,
30,1000,1.33,n,14,14,821,,3,,,,,,
30,0,0,n,all,14,822,,2,,,,,,
30,25,0,n,5,14,823,,3,,,,,,
30,1000,12,y,2,14,824,,3,,,,,,
30,1000,12,y,13,14,825,,3,,,,,,
30,100,0,n,1,14,826,,2,,,,,,
30,400,0,n,11,14,827,,3,,,,,,
30,5,0,y,5,14,828,,1,,,,,,
30,1000,1.33,n,10,14,829,,2,,,,,,
30,1000,5.33,y,1,14,830,,3,,,,,,
30,1000,4,n,7,14,831,,1,,,,,,
30,1000,0,BLANK,BLANK,14,832,,BLANK,,,,,,
30,10,0,y,12,14,833,,3,,,,,,
30,400,0,y,10,14,834,,2,,,,,,
30,25,0,y,14,14,835,,2,,,,,,
30,10,0,y,none,14,836,,1,,,,,,
30,25,0,n,13,14,837,,2,,,,,,
30,1000,5.33,y,1,14,838,,2,,,,,,
30,400,0,n,15,14,839,,3,,,,,,
30,1000,2.67,n,4,14,840,,2,,,,,,
30,1000,4,n,14,15,841,,2,,,,,,
30,10,0,y,11,15,842,,4,,,,,,
30,25,0,y,5,15,843,,2,,,,,,
30,700,0,y,13,15,844,,1,,,,,,
30,1000,2.67,y,14,15,845,,1,,,,,,
30,1,0,y,4,15,846,,2,,,,,,
30,1000,1.33,y,12,15,847,,2,,,,,,
30,1,0,n,7,15,848,,1,,,,,,
30,1000,10.67,n,11,15,849,,3,,,,,,
30,700,0,y,10,15,850,,3,,,,,,
30,1000,5.33,n,1,15,851,,3,,,,,,
30,1000,8,y,13,15,852,,3,,,,,,
30,1000,5.33,y,8,15,853,,3,,,,,,
30,1000,1.33,y,9,15,854,,2,,,,,,
30,1000,8,y,10,15,855,,2,,,,,,
30,1000,8,y,4,15,856,,2,,,,,,
30,5,0,n,7,15,857,,3,,,,,,
30,1000,0,BLANK,BLANK,15,858,,BLANK,,,,,,
30,400,0,y,10,15,859,,1,,,,,,
30,1000,0,BLANK,BLANK,15,860,,BLANK,,,,,,
30,700,0,n,10,15,861,,2,,,,,,
30,1000,5.33,y,8,15,862,,1,,,,,,
30,1000,10.67,y,3,15,863,,3,,,,,,
30,1000,6.67,y,15,15,864,,2,,,,,,
30,5,0,y,11,15,865,,3,,,,,,
30,1000,6.67,n,8,15,866,,3,,,,,,
30,10,0,n,all,15,867,,1,,,,,,
30,1000,5.33,n,14,15,868,,3,,,,,,
30,1000,2.67,y,3,15,869,,3,,,,,,
30,1000,12,y,7,15,870,,2,,,,,,
30,25,0,n,10,15,871,,1,,,,,,
30,1000,4,n,9,15,872,,3,,,,,,
30,10,0,n,9,15,873,,2,,,,,,
30,1000,8,n,5,15,874,,3,,,,,,
30,1000,10.67,n,11,15,875,,1,,,,,,
30,50,0,y,12,15,876,,3,,,,,,
30,1000,4,y,4,15,877,,3,,,,,,
30,1000,12,n,7,15,878,,3,,,,,,
30,25,0,n,6,15,879,,2,,,,,,
30,1000,2.67,n,6,15,880,,2,,,,,,
30,1000,0,n,2,15,881,,1,,,,,,
30,1000,5.33,y,10,15,882,,3,,,,,,
30,1000,5.33,n,12,15,883,,1,,,,,,
30,1000,2.67,n,9,15,884,,3,,,,,,
30,1,0,n,15,15,885,,3,,,,,,
30,1,0,y,7,15,886,,2,,,,,,
30,1000,1.33,n,all,15,887,,2,,,,,,
30,700,0,n,all,15,888,,2,,,,,,
30,1,0,y,10,15,889,,2,,,,,,
30,400,0,n,14,15,890,,1,,,,,,
30,100,0,n,15,15,891,,2,,,,,,
30,1,0,n,all,15,892,,2,,,,,,
30,400,0,n,3,15,893,,1,,,,,,
30,1000,0,BLANK,BLANK,15,894,,BLANK,,,,,,
30,700,0,y,7,15,895,,2,,,,,,
30,50,0,y,11,15,896,,3,,,,,,
30,0,0,n,5,15,897,,3,,,,,,
30,50,0,n,all,15,898,,2,,,,,,
30,1,0,y,all,15,899,,1,,,,,,
30,1000,1.33,n,11,15,900,,1,,,,,,
30,50,0,y,9,16,901,,3,,,,,,
30,1000,0,y,all,16,902,,3,,,,,,
30,1000,9.33,n,9,16,903,,2,,,,,,
30,1000,2.67,n,5,16,904,,1,,,,,,
30,1000,6.67,y,2,16,905,,3,,,,,,
30,0,0,n,1,16,906,,1,,,,,,
30,1000,6.67,n,8,16,907,,1,,,,,,
30,700,0,n,6,16,908,,3,,,,,,
30,1000,5.33,n,6,16,909,,1,,,,,,
30,1000,8,y,4,16,910,,3,,,,,,
30,10,0,y,14,16,911,,2,,,,,,
30,1000,10.67,n,13,16,912,,3,,,,,,
30,1000,0,n,5,16,913,,1,,,,,,
30,1000,10.67,n,8,16,914,,2,,,,,,
30,1000,1.33,y,13,16,915,,3,,,,,,
30,0,0,y,11,16,916,,2,,,,,,
30,1000,8,n,4,16,917,,3,,,,,,
30,1000,0,y,6,16,918,,2,,,,,,
30,1000,1.33,y,6,16,919,,2,,,,,,
30,1000,2.67,y,11,16,920,,3,,,,,,
30,100,0,n,10,16,921,,1,,,,,,
30,1000,5.33,y,14,16,922,,2,,,,,,
30,1000,10.67,n,12,16,923,,2,,,,,,
30,700,0,n,1,16,924,,1,,,,,,
30,1000,9.33,n,9,16,925,,1,,,,,,
30,1000,0,y,1,16,926,,1,,,,,,
30,1000,9.33,n,8,16,927,,1,,,,,,
30,1000,2.67,y,all,16,928,,3,,,,,,
30,10,0,n,12,16,929,,1,,,,,,
30,1000,4,n,3,16,930,,1,,,,,,
30,1000,8,n,all,16,931,,3,,,,,,
30,1000,12,n,13,16,932,,2,,,,,,
30,1000,8,n,9,16,933,,1,,,,,,
30,1000,12,n,7,16,934,,2,,,,,,
30,400,0,n,11,16,935,,1,,,,,,
30,1,0,y,11,16,936,,2,,,,,,
30,1000,0,n,9,16,937,,2,,,,,,
30,25,0,n,5,16,938,,1,,,,,,
30,1000,9.33,y,3,16,939,,1,,,,,,
30,5,0,n,1,16,940,,2,,,,,,
30,0,0,n,8,16,941,,2,,,,,,
30,1000,5.33,y,5,16,942,,3,,,,,,
30,50,0,y,9,16,943,,2,,,,,,
30,1,0,n,6,16,944,,2,,,,,,
30,1000,12,n,all,16,945,,2,,,,,,
30,1000,9.33,n,3,16,946,,1,,,,,,
30,1000,8,n,12,16,947,,2,,,,,,
30,1000,9.33,y,1,16,948,,1,,,,,,
30,100,0,y,none,16,949,,2,,,,,,
30,0,0,y,7,16,950,,1,,,,,,
30,1000,0,n,1,16,951,,2,,,,,,
30,1000,0,n,7,16,952,,2,,,,,,
30,1000,9.33,y,11,16,953,,1,,,,,,
30,10,0,n,11,16,954,,3,,,,,,
30,1,0,y,11,16,955,,1,,,,,,
30,1000,8,n,12,16,956,,3,,,,,,
30,1000,8,n,5,16,957,,1,,,,,,
30,0,0,n,8,16,958,,1,,,,,,
30,1000,1.33,n,3,16,959,,2,,,,,,
30,10,0,n,9,16,960,,1,,,,,,
30,1000,9.33,y,13,17,961,,1,,,,,,
30,1000,9.33,y,11,17,962,,2,,,,,,
30,700,0,y,8,17,963,,3,,,,,,
30,1000,10.67,y,2,17,964,,2,,,,,,
30,5,0,n,2,17,965,,3,,,,,,
30,1000,5.33,y,9,17,966,,1,,,,,,
30,1000,5.33,n,6,17,967,,3,,,,,,
30,1000,12,y,5,17,968,,2,,,,,,
30,1000,8,n,3,17,969,,3,,,,,,
30,100,0,y,1,17,970,,1,,,,,,
30,25,0,n,9,17,971,,3,,,,,,
30,1000,4,y,13,17,972,,3,,,,,,
30,1000,4,n,14,17,973,,3,,,,,,
30,1000,8,y,10,17,974,,3,,,,,,
30,25,0,y,13,17,975,,1,,,,,,
30,10,0,n,7,17,976,,2,,,,,,
30,1000,10.67,y,1,17,977,,2,,,,,,
30,0,0,n,2,17,978,,2,,,,,,
30,100,0,y,11,17,979,,3,,,,,,
30,700,0,n,4,17,980,,3,,,,,,
30,1000,0,n,11,17,981,,1,,,,,,
30,100,0,n,3,17,982,,3,,,,,,
30,10,0,y,7,17,983,,2,,,,,,
30,5,0,n,6,17,984,,3,,,,,,
30,700,0,y,11,17,985,,3,,,,,,
30,100,0,y,9,17,986,,1,,,,,,
30,100,0,y,13,17,987,,1,,,,,,
30,700,0,y,2,17,988,,3,,,,,,
30,25,0,n,9,17,989,,1,,,,,,
30,1000,9.33,n,8,17,990,,2,,,,,,
30,700,0,n,8,17,991,,1,,,,,,
30,700,0,y,4,17,992,,3,,,,,,
30,1000,1.33,y,8,17,993,,3,,,,,,
30,1000,10.67,y,6,17,994,,3,,,,,,
30,1000,6.67,y,14,17,995,,3,,,,,,
30,1000,9.33,y,12,17,996,,1,,,,,,
30,1000,2.67,y,12,17,997,,2,,,,,,
30,100,0,y,3,17,998,,1,,,,,,
30,25,0,n,3,17,999,,1,,,,,,
30,1,0,y,12,17,1000,,1,,,,,,
30,1000,1.33,y,all,17,1001,,1,,,,,,
30,1000,9.33,y,10,17,1002,,1,,,,,,
30,5,0,y,15,17,1003,,2,,,,,,
30,1000,12,n,15,17,1004,,2,,,,,,
30,1000,1.33,n,12,17,1005,,2,,,,,,
30,100,0,y,none,17,1006,,3,,,,,,
30,1000,9.33,n,all,17,1007,,1,,,,,,
30,10,0,n,6,17,1008,,3,,,,,,
30,1000,1.33,y,2,17,1009,,3,,,,,,
30,100,0,n,4,17,1010,,2,,,,,,
30,10,0,n,13,17,1011,,2,,,,,,
30,1000,0,n,all,17,1012,,1,,,,,,
30,10,0,y,3,17,1013,,2,,,,,,
30,5,0,y,4,17,1014,,3,,,,,,
30,1000,8,y,2,17,1015,,2,,,,,,
30,1000,0,y,9,17,1016,,2,,,,,,
30,700,0,y,5,17,1017,,2,,,,,,
30,1000,4,n,5,17,1018,,1,,,,,,
30,1,0,n,1,17,1019,,1,,,,,,
30,100,0,n,10,17,1020,,2,,,,,,
30,1000,8,n,5,18,1021,,2,,,,,,
30,1000,9.33,y,9,18,1022,,1,,,,,,
30,1000,4,n,15,18,1023,,2,,,,,,
30,1000,5.33,n,1,18,1024,,1,,,,,,
30,1000,8,n,11,18,1025,,1,,,,,,
30,1000,0,n,6,18,1026,,3,,,,,,
30,1000,9.33,y,6,18,1027,,1,,,,,,
30,1000,12,y,14,18,1028,,2,,,,,,
30,1000,6.67,y,all,18,1029,,3,,,,,,
30,1000,4,y,5,18,1030,,2,,,,,,
30,1000,0,y,3,18,1031,,3,,,,,,
30,1,0,n,2,18,1032,,2,,,,,,
30,25,0,n,1,18,1033,,1,,,,,,
30,5,0,y,14,18,1034,,3,,,,,,
30,1000,4,y,11,18,1035,,3,,,,,,
30,10,0,y,none,18,1036,,2,,,,,,
30,1000,12,y,9,18,1037,,2,,,,,,
30,1000,0,n,14,18,1038,,2,,,,,,
30,1000,4,n,12,18,1039,,3,,,,,,
30,1000,2.67,n,9,18,1040,,2,,,,,,
30,50,0,y,all,18,1041,,2,,,,,,
30,1000,8,y,14,18,1042,,2,,,,,,
30,1000,9.33,y,15,18,1043,,3,,,,,,
30,5,0,y,7,18,1044,,1,,,,,,
30,1000,5.33,n,12,18,1045,,3,,,,,,
30,1000,5.33,n,7,18,1046,,2,,,,,,
30,25,0,n,10,18,1047,,3,,,,,,
30,10,0,n,3,18,1048,,2,,,,,,
30,1000,9.33,n,4,18,1049,,1,,,,,,
30,1000,2.67,y,6,18,1050,,3,,,,,,
30,1000,10.67,n,2,18,1051,,1,,,,,,
30,1000,0,BLANK,BLANK,18,1052,,BLANK,,,,,,
30,5,0,n,5,18,1053,,3,,,,,,
30,1000,0,y,3,18,1054,,2,,,,,,
30,5,0,y,12,18,1055,,3,,,,,,
30,0,0,y,11,18,1056,,1,,,,,,
30,1000,2.67,n,1,18,1057,,1,,,,,,
30,1000,4,y,8,18,1058,,3,,,,,,
30,1000,5.33,y,13,18,1059,,2,,,,,,
30,1,0,y,9,18,1060,,3,,,,,,
30,1,0,n,8,18,1061,,1,,,,,,
30,1000,5.33,y,7,18,1062,,2,,,,,,
30,100,0,n,5,18,1063,,1,,,,,,
30,0,0,n,4,18,1064,,3,,,,,,
30,10,0,y,5,18,1065,,1,,,,,,
30,1000,10.67,n,9,18,1066,,3,,,,,,
30,1000,4,y,1,18,1067,,2,,,,,,
30,700,0,y,none,18,1068,,2,,,,,,
30,100,0,y,7,18,1069,,2,,,,,,
30,1000,1.33,n,7,18,1070,,1,,,,,,
30,1000,0,y,14,18,1071,,1,,,,,,
30,5,0,n,5,18,1072,,1,,,,,,
30,0,0,y,12,18,1073,,1,,,,,,
30,1000,10.67,y,10,18,1074,,1,,,,,,
30,5,0,y,9,18,1075,,1,,,,,,
30,1000,12,y,all,18,1076,,2,,,,,,
30,100,0,y,14,18,1077,,1,,,,,,
30,1000,8,y,13,18,1078,,1,,,,,,
30,1000,1.33,y,14,18,1079,,2,,,,,,
30,400,0,n,5,18,1080,,2,,,,,,
30,1000,1.33,n,4,19,1081,,2,,,,,,
30,700,0,y,6,19,1082,,2,,,,,,
30,1,0,y,1,19,1083,,1,,,,,,
30,1000,5.33,y,12,19,1084,,2,,,,,,
30,1000,2.67,y,12,19,1085,,3,,,,,,
30,1000,1.33,n,6,19,1086,,1,,,,,,
30,1,0,y,2,19,1087,,1,,,,,,
30,1000,2.67,n,all,19,1088,,2,,,,,,
30,1000,6.67,n,15,19,1089,,3,,,,,,
30,1,0,n,13,19,1090,,2,,,,,,
30,0,0,y,12,19,1091,,3,,,,,,
30,400,0,n,7,19,1092,,2,,,,,,
30,700,0,n,12,19,1093,,3,,,,,,
30,1000,0,n,4,19,1094,,2,,,,,,
30,400,0,y,14,19,1095,,2,,,,,,
30,400,0,n,13,19,1096,,3,,,,,,
30,1000,4,n,all,19,1097,,1,,,,,,
30,10,0,y,15,19,1098,,3,,,,,,
30,1000,1.33,y,11,19,1099,,1,,,,,,
30,1000,12,y,6,19,1100,,2,,,,,,
30,400,0,y,1,19,1101,,1,,,,,,
30,1000,12,y,11,19,1102,,3,,,,,,
30,1000,2.67,y,3,19,1103,,2,,,,,,
30,700,0,n,15,19,1104,,3,,,,,,
30,1000,0,y,6,19,1105,,1,,,,,,
30,1000,1.33,y,8,19,1106,,2,,,,,,
30,50,0,y,6,19,1107,,2,,,,,,
30,1000,0,n,8,19,1108,,2,,,,,,
30,1000,5.33,y,13,19,1109,,3,,,,,,
30,1000,6.67,n,all,19,1110,,2,,,,,,
30,25,0,n,11,19,1111,,3,,,,,,
30,1000,0,y,15,19,1112,,3,,,,,,
30,10,0,y,12,19,1113,,2,,,,,,
30,10,0,y,5,19,1114,,2,,,,,,
30,1000,6.67,n,2,19,1115,,2,,,,,,
30,700,0,n,2,19,1116,,2,,,,,,
30,700,0,y,7,19,1117,,3,,,,,,
30,1000,6.67,n,14,19,1118,,3,,,,,,
30,100,0,y,8,19,1119,,3,,,,,,
30,25,0,y,4,19,1120,,2,,,,,,
30,1000,0,BLANK,BLANK,19,1121,,BLANK,,,,,,
30,10,0,n,10,19,1122,,2,,,,,,
30,25,0,y,6,19,1123,,3,,,,,,
30,1,0,y,6,19,1124,,3,,,,,,
30,1000,2.67,n,14,19,1125,,3,,,,,,
30,1000,10.67,y,6,19,1126,,2,,,,,,
30,1000,12,n,11,19,1127,,3,,,,,,
30,1000,12,y,4,19,1128,,2,,,,,,
30,25,0,y,3,19,1129,,2,,,,,,
30,1000,0,n,5,19,1130,,2,,,,,,
30,1000,12,n,3,19,1131,,3,,,,,,
30,400,0,y,2,19,1132,,2,,,,,,
30,700,0,y,3,19,1133,,2,,,,,,
30,5,0,y,4,19,1134,,1,,,,,,
30,1000,1.33,y,none,19,1135,,2,,,,,,
30,0,0,y,6,19,1136,,3,,,,,,
30,10,0,y,9,19,1137,,3,,,,,,
30,700,0,y,12,19,1138,,3,,,,,,
30,5,0,y,10,19,1139,,3,,,,,,
30,1000,5.33,n,5,19,1140,,2,,,,,,
30,100,0,n,7,20,1141,,2,,,,,,
30,1000,2.67,y,9,20,1142,,3,,,,,,
30,700,0,n,8,20,1143,,2,,,,,,
30,1000,1.33,n,7,20,1144,,2,,,,,,
30,0,0,y,13,20,1145,,3,,,,,,
30,1,0,y,all,20,1146,,2,,,,,,
30,1000,4,n,7,20,1147,,3,,,,,,
30,1000,1.33,y,1,20,1148,,1,,,,,,
30,400,0,n,6,20,1149,,3,,,,,,
30,1000,6.67,y,none,20,1150,,2,,,,,,
30,1000,4,y,6,20,1151,,3,,,,,,
30,1000,6.67,n,9,20,1152,,2,,,,,,
30,25,0,n,4,20,1153,,3,,,,,,
30,1000,0,y,none,20,1154,,3,,,,,,
30,1000,5.33,y,15,20,1155,,3,,,,,,
30,700,0,n,15,20,1156,,1,,,,,,
30,100,0,n,9,20,1157,,1,,,,,,
30,1000,0,BLANK,BLANK,20,1158,,BLANK,,,,,,
30,1000,10.67,y,10,20,1159,,2,,,,,,
30,1000,0,n,8,20,1160,,1,,,,,,
30,400,0,n,9,20,1161,,2,,,,,,
30,700,0,n,1,20,1162,,3,,,,,,
30,1000,9.33,y,none,20,1163,,3,,,,,,
30,1,0,y,5,20,1164,,3,,,,,,
30,1000,8,n,all,20,1165,,2,,,,,,
30,1000,1.33,n,5,20,1166,,3,,,,,,
30,1000,10.67,n,10,20,1167,,2,,,,,,
30,1000,2.67,y,1,20,1168,,1,,,,,,
30,1000,10.67,y,9,20,1169,,1,,,,,,
30,5,0,n,15,20,1170,,3,,,,,,
30,50,0,n,13,20,1171,,3,,,,,,
30,1000,1.33,n,15,20,1172,,1,,,,,,
30,1000,2.67,n,14,20,1173,,2,,,,,,
30,10,0,n,2,20,1174,,3,,,,,,
30,50,0,n,5,20,1175,,1,,,,,,
30,1000,9.33,n,7,20,1176,,1,,,,,,
30,1000,12,n,all,20,1177,,3,,,,,,
30,1000,0,y,2,20,1178,,1,,,,,,
30,10,0,y,15,20,1179,,2,,,,,,
30,1000,0,y,7,20,1180,,1,,,,,,
30,400,0,y,4,20,1181,,2,,,,,,
30,1000,8,y,11,20,1182,,2,,,,,,
30,50,0,n,5,20,1183,,2,,,,,,
30,10,0,n,10,20,1184,,1,,,,,,
30,1000,2.67,y,7,20,1185,,2,,,,,,
30,1000,10.67,y,10,20,1186,,3,,,,,,
30,1000,0,y,13,20,1187,,3,,,,,,
30,1000,2.67,n,11,20,1188,,2,,,,,,
30,1000,9.33,n,8,20,1189,,3,,,,,,
30,1000,9.33,y,13,20,1190,,2,,,,,,
30,1000,1.33,n,11,20,1191,,3,,,,,,
30,1000,12,n,8,20,1192,,1,,,,,,
30,1000,8,y,7,20,1193,,3,,,,,,
30,1000,0,n,13,20,1194,,1,,,,,,
30,50,0,y,3,20,1195,,1,,,,,,
30,700,0,n,1,20,1196,,2,,,,,,
30,1000,10.67,y,12,20,1197,,2,,,,,,
30,100,0,n,all,20,1198,,1,,,,,,
30,50,0,y,3,20,1199,,2,,,,,,
30,1000,4,y,15,20,1200,,2,,,,,,
30,1000,4,y,12,21,1201,,2,,,,,,
30,1000,9.33,y,3,21,1202,,3,,,,,,
30,1000,4,y,7,21,1203,,3,,,,,,
30,1,0,y,13,21,1204,,2,,,,,,
30,1000,6.67,y,10,21,1205,,1,,,,,,
30,1000,6.67,n,7,21,1206,,1,,,,,,
30,1,0,n,9,21,1207,,3,,,,,,
30,1000,2.67,y,2,21,1208,,1,,,,,,
30,50,0,y,1,21,1209,,1,,,,,,
30,10,0,y,7,21,1210,,3,,,,,,
30,100,0,y,all,21,1211,,3,,,,,,
30,1000,0,y,all,21,1212,,1,,,,,,
30,1000,10.67,y,7,21,1213,,2,,,,,,
30,1000,1.33,y,6,21,1214,,3,,,,,,
30,0,0,y,6,21,1215,,2,,,,,,
30,1000,1.33,n,2,21,1216,,3,,,,,,
30,1000,10.67,y,9,21,1217,,2,,,,,,
30,400,0,y,none,21,1218,,1,,,,,,
30,1000,2.67,n,2,21,1219,,1,,,,,,
30,1000,8,y,none,21,1220,,3,,,,,,
30,1000,9.33,y,none,21,1221,,2,,,,,,
30,1000,12,n,15,21,1222,,3,,,,,,
30,1000,1.33,y,6,21,1223,,1,,,,,,
30,1000,6.67,y,4,21,1224,,2,,,,,,
30,1000,9.33,y,8,21,1225,,3,,,,,,
30,50,0,n,all,21,1226,,3,,,,,,
30,1000,9.33,y,3,21,1227,,2,,,,,,
30,1000,5.33,n,11,21,1228,,2,,,,,,
30,0,0,n,12,21,1229,,3,,,,,,
30,1,0,y,15,21,1230,,1,,,,,,
30,1000,9.33,n,6,21,1231,,1,,,,,,
30,50,0,y,7,21,1232,,3,,,,,,
30,1000,0,BLANK,BLANK,21,1233,,BLANK,,,,,,
30,1000,0,n,10,21,1234,,3,,,,,,
30,1000,6.67,n,10,21,1235,,2,,,,,,
30,1,0,n,6,21,1236,,1,,,,,,
30,1000,0,y,13,21,1237,,2,,,,,,
30,1000,2.67,n,12,21,1238,,1,,,,,,
30,1000,12,n,4,21,1239,,1,,,,,,
30,100,0,y,2,21,1240,,2,,,,,,
30,1000,1.33,y,10,21,1241,,3,,,,,,
30,1000,8,n,15,21,1242,,1,,,,,,
30,1000,5.33,n,9,21,1243,,1,,,,,,
30,1000,5.33,y,15,21,1244,,1,,,,,,
30,0,0,n,10,21,1245,,2,,,,,,
30,1000,12,y,none,21,1246,,3,,,,,,
30,700,0,n,4,21,1247,,1,,,,,,
30,0,0,n,3,21,1248,,3,,,,,,
30,25,0,n,14,21,1249,,2,,,,,,
30,1000,0,y,3,21,1250,,1,,,,,,
30,100,0,y,7,21,1251,,3,,,,,,
30,0,0,y,8,21,1252,,1,,,,,,
30,1000,12,y,4,21,1253,,1,,,,,,
30,1000,4,n,5,21,1254,,2,,,,,,
30,1000,4,n,6,21,1255,,2,,,,,,
30,1000,9.33,n,10,21,1256,,1,,,,,,
30,1,0,n,8,21,1257,,3,,,,,,
30,1000,4,n,9,21,1258,,2,,,,,,
30,10,0,y,7,21,1259,,1,,,,,,
30,5,0,y,7,21,1260,,2,,,,,,
30,1000,6.67,y,14,22,1261,,2,,,,,,
30,1000,4,y,3,22,1262,,2,,,,,,
30,400,0,n,3,22,1263,,3,,,,,,
30,100,0,y,12,22,1264,,1,,,,,,
30,1000,4,y,none,22,1265,,1,,,,,,
30,700,0,n,all,22,1266,,1,,,,,,
30,25,0,y,13,22,1267,,3,,,,,,
30,1000,5.33,n,3,22,1268,,1,,,,,,
30,100,0,n,10,22,1269,,3,,,,,,
30,5,0,n,7,22,1270,,2,,,,,,
30,1000,4,n,7,22,1271,,2,,,,,,
30,400,0,y,3,22,1272,,2,,,,,,
30,25,0,y,15,22,1273,,1,,,,,,
30,1,0,n,2,22,1274,,1,,,,,,
30,50,0,y,15,22,1275,,2,,,,,,
30,1000,8,y,6,22,1276,,2,,,,,,
30,1000,1.33,y,none,22,1277,,3,,,,,,
30,1,0,n,10,22,1278,,3,,,,,,
30,1000,0,y,2,22,1279,,3,,,,,,
30,1000,10.67,y,11,22,1280,,3,,,,,,
30,1000,1.33,y,8,22,1281,,1,,,,,,
30,1000,6.67,n,4,22,1282,,3,,,,,,
30,700,0,n,13,22,1283,,1,,,,,,
30,1000,1.33,n,7,22,1284,,3,,,,,,
30,5,0,y,2,22,1285,,1,,,,,,
30,1000,0,n,12,22,1286,,3,,,,,,
30,1000,5.33,y,11,22,1287,,1,,,,,,
30,700,0,y,9,22,1288,,2,,,,,,
30,50,0,y,all,22,1289,,1,,,,,,
30,1,0,y,5,22,1290,,2,,,,,,
30,1000,4,y,4,22,1291,,1,,,,,,
30,50,0,n,4,22,1292,,2,,,,,,
30,1,0,y,all,22,1293,,3,,,,,,
30,700,0,y,8,22,1294,,1,,,,,,
30,50,0,n,2,22,1295,,2,,,,,,
30,1000,10.67,y,4,22,1296,,1,,,,,,
30,1,0,n,11,22,1297,,3,,,,,,
30,1000,0,BLANK,BLANK,22,1298,,BLANK,,,,,,
30,5,0,n,13,22,1299,,2,,,,,,
30,1000,0,n,1,22,1300,,3,,,,,,
30,1000,2.67,y,all,22,1301,,2,,,,,,
30,100,0,y,5,22,1302,,3,,,,,,
30,1000,12,n,9,22,1303,,3,,,,,,
30,1,0,n,14,22,1304,,1,,,,,,
30,1000,1.33,y,14,22,1305,,1,,,,,,
30,25,0,y,11,22,1306,,1,,,,,,
30,700,0,y,3,22,1307,,1,,,,,,
30,1000,9.33,y,10,22,1308,,3,,,,,,
30,1000,0,n,7,22,1309,,1,,,,,,
30,10,0,n,14,22,1310,,3,,,,,,
30,1000,5.33,n,13,22,1311,,3,,,,,,
30,1000,9.33,n,12,22,1312,,2,,,,,,
30,1,0,y,13,22,1313,,1,,,,,,
30,0,0,n,12,22,1314,,2,,,,,,
30,1,0,n,2,22,1315,,3,,,,,,
30,1000,9.33,y,1,22,1316,,2,,,,,,
30,1000,6.67,y,11,22,1317,,2,,,,,,
30,1000,5.33,y,6,22,1318,,2,,,,,,
30,1000,2.67,y,14,22,1319,,3,,,,,,
30,1,0,y,none,22,1320,,2,,,,,,
30,10,0,y,8,23,1321,,1,,,,,,
30,1000,12,n,10,23,1322,,3,,,,,,
30,0,0,y,8,23,1323,,3,,,,,,
30,400,0,n,9,23,1324,,3,,,,,,
30,1000,10.67,n,9,23,1325,,1,,,,,,
30,1,0,y,7,23,1326,,1,,,,,,
30,700,0,n,3,23,1327,,2,,,,,,
30,25,0,y,6,23,1328,,1,,,,,,
30,25,0,y,10,23,1329,,2,,,,,,
30,50,0,y,4,23,1330,,3,,,,,,
30,1000,0,BLANK,BLANK,23,1331,,BLANK,,,,,,
30,1000,6.67,y,4,23,1332,,1,,,,,,
30,400,0,n,7,23,1333,,3,,,,,,
30,100,0,n,4,23,1334,,1,,,,,,
30,400,0,n,15,23,1335,,1,,,,,,
30,400,0,n,1,23,1336,,2,,,,,,
30,1000,10.67,y,15,23,1337,,3,,,,,,
30,1000,9.33,n,12,23,1338,,1,,,,,,
30,25,0,n,14,23,1339,,1,,,,,,
30,1000,0,BLANK,BLANK,23,1340,,BLANK,,,,,,
30,25,0,n,10,23,1341,,2,,,,,,
30,10,0,y,10,23,1342,,3,,,,,,
30,400,0,y,11,23,1343,,2,,,,,,
30,100,0,y,5,23,1344,,1,,,,,,
30,1000,10.67,y,13,23,1345,,1,,,,,,
30,1000,5.33,n,9,23,1346,,2,,,,,,
30,100,0,n,6,23,1347,,2,,,,,,
30,1000,12,y,2,23,1348,,2,,,,,,
30,1000,6.67,n,6,23,1349,,2,,,,,,
30,1000,2.67,y,11,23,1350,,2,,,,,,
30,1000,1.33,y,9,23,1351,,1,,,,,,
30,1000,6.67,n,2,23,1352,,1,,,,,,
30,5,0,n,10,23,1353,,1,,,,,,
30,1000,9.33,y,14,23,1354,,2,,,,,,
30,1000,4,y,none,23,1355,,2,,,,,,
30,25,0,n,2,23,1356,,2,,,,,,
30,400,0,y,9,23,1357,,1,,,,,,
30,1000,1.33,y,7,23,1358,,1,,,,,,
30,10,0,y,8,23,1359,,3,,,,,,
30,25,0,n,15,23,1360,,2,,,,,,
30,1000,0,y,5,23,1361,,1,,,,,,
30,1000,5.33,y,7,23,1362,,3,,,,,,
30,1000,10.67,y,13,23,1363,,3,,,,,,
30,400,0,n,13,23,1364,,2,,,,,,
30,400,0,y,none,23,1365,,2,,,,,,
30,10,0,n,15,23,1366,,1,,,,,,
30,0,0,n,5,23,1367,,2,,,,,,
30,1,0,n,7,23,1368,,2,,,,,,
30,1,0,y,9,23,1369,,2,,,,,,
30,1000,6.67,y,7,23,1370,,3,,,,,,
30,25,0,y,12,23,1371,,2,,,,,,
30,1000,8,y,2,23,1372,,3,,,,,,
30,10,0,n,7,23,1373,,3,,,,,,
30,700,0,y,none,23,1374,,3,,,,,,
30,100,0,n,all,23,1375,,3,,,,,,
30,1000,0,n,9,23,1376,,1,,,,,,
30,5,0,y,5,23,1377,,2,,,,,,
30,0,0,y,2,23,1378,,1,,,,,,
30,1000,12,y,2,23,1379,,1,,,,,,
30,1000,1.33,y,3,23,1380,,2,,,,,,
30,1000,9.33,y,1,24,1381,,3,,,,,,
30,1000,12,y,1,24,1382,,3,,,,,,
30,700,0,y,1,24,1383,,1,,,,,,
30,1000,2.67,y,8,24,1384,,1,,,,,,
30,1000,1.33,n,8,24,1385,,2,,,,,,
30,0,0,y,all,24,1386,,3,,,,,,
30,1000,2.67,y,15,24,1387,,2,,,,,,
30,1000,12,y,1,24,1388,,1,,,,,,
30,1000,8,y,2,24,1389,,1,,,,,,
30,1000,4,n,10,24,1390,,3,,,,,,
30,1000,10.67,y,11,24,1391,,1,,,,,,
30,25,0,n,2,24,1392,,1,,,,,,
30,10,0,y,6,24,1393,,1,,,,,,
30,100,0,y,12,24,1394,,3,,,,,,
30,400,0,n,10,24,1395,,1,,,,,,
30,400,0,y,5,24,1396,,1,,,,,,
30,1000,8,y,12,24,1397,,3,,,,,,
30,5,0,y,1,24,1398,,2,,,,,,
30,1000,6.67,n,15,24,1399,,1,,,,,,
30,25,0,n,3,24,1400,,3,,,,,,
30,1000,9.33,n,10,24,1401,,2,,,,,,
30,700,0,n,7,24,1402,,1,,,,,,
30,5,0,y,none,24,1403,,1,,,,,,
30,1000,10.67,y,1,24,1404,,3,,,,,,
30,700,0,n,13,24,1405,,3,,,,,,
30,0,0,n,3,24,1406,,2,,,,,,
30,1000,6.67,y,3,24,1407,,1,,,,,,
30,1000,2.67,y,15,24,1408,,1,,,,,,
30,1000,12,n,1,24,1409,,3,,,,,,
30,1000,5.33,n,8,24,1410,,3,,,,,,
30,1,0,n,9,24,1411,,1,,,,,,
30,700,0,y,11,24,1412,,2,,,,,,
30,1000,6.67,n,3,24,1413,,2,,,,,,
30,400,0,y,14,24,1414,,3,,,,,,
30,50,0,y,2,24,1415,,1,,,,,,
30,400,0,y,6,24,1416,,1,,,,,,
30,1000,6.67,y,7,24,1417,,2,,,,,,
30,400,0,n,9,24,1418,,1,,,,,,
30,10,0,y,5,24,1419,,3,,,,,,
30,1000,5.33,y,9,24,1420,,3,,,,,,
30,1000,1.33,n,1,24,1421,,1,,,,,,
30,1000,2.67,n,15,24,1422,,2,,,,,,
30,1000,2.67,n,12,24,1423,,3,,,,,,
30,1000,4,y,14,24,1424,,3,,,,,,
30,1000,10.67,n,all,24,1425,,1,,,,,,
30,400,0,y,7,24,1426,,1,,,,,,
30,1000,1.33,n,9,24,1427,,2,,,,,,
30,25,0,y,13,24,1428,,2,,,,,,
30,1000,10.67,n,11,24,1429,,2,,,,,,
30,100,0,n,15,24,1430,,3,,,,,,
30,25,0,y,14,24,1431,,1,,,,,,
30,0,0,y,3,24,1432,,1,,,,,,
30,1000,1.33,y,5,24,1433,,3,,,,,,
30,700,0,y,11,24,1434,,1,,,,,,
30,1000,5.33,n,15,24,1435,,1,,,,,,
30,100,0,y,3,24,1436,,3,,,,,,
30,1000,2.67,y,10,24,1437,,3,,,,,,
30,700,0,n,7,24,1438,,3,,,,,,
30,1000,2.67,y,5,24,1439,,1,,,,,,
30,1000,5.33,n,15,24,1440,,3,,,,,,
30,700,0,y,7,25,1441,,1,,,,,,
30,1000,5.33,n,4,25,1442,,2,,,,,,
30,1000,0,y,12,25,1443,,3,,,,,,
30,1000,2.67,y,2,25,1444,,3,,,,,,
30,1000,1.33,n,11,25,1445,,2,,,,,,
30,1000,2.67,y,6,25,1446,,1,,,,,,
30,1000,4,n,4,25,1447,,1,,,,,,
30,1000,9.33,n,13,25,1448,,2,,,,,,
30,1000,2.67,n,1,25,1449,,3,,,,,,
30,400,0,y,all,25,1450,,1,,,,,,
30,1000,12,n,2,25,1451,,2,,,,,,
30,1000,4,n,13,25,1452,,1,,,,,,
30,0,0,y,none,25,1453,,1,,,,,,
30,1000,0,BLANK,BLANK,25,1454,,BLANK,,,,,,
30,1000,6.67,y,6,25,1455,,3,,,,,,
30,1000,2.67,y,13,25,1456,,1,,,,,,
30,1000,1.33,n,9,25,1457,,3,,,,,,
30,0,0,n,14,25,1458,,1,,,,,,
30,1000,4,y,8,25,1459,,1,,,,,,
30,5,0,n,2,25,1460,,2,,,,,,
30,1000,5.33,n,2,25,1461,,3,,,,,,
30,1000,9.33,y,2,25,1462,,3,,,,,,
30,1000,0,BLANK,BLANK,25,1463,,BLANK,,,,,,
30,400,0,n,2,25,1464,,1,,,,,,
30,1000,6.67,n,all,25,1465,,3,,,,,,
30,50,0,n,12,25,1466,,1,,,,,,
30,10,0,y,10,25,1467,,1,,,,,,
30,1000,12,y,3,25,1468,,1,,,,,,
30,1000,1.33,y,10,25,1469,,1,,,,,,
30,1000,4,y,9,25,1470,,2,,,,,,
30,100,0,y,all,25,1471,,2,,,,,,
30,1000,2.67,y,10,25,1472,,2,,,,,,
30,1000,10.67,y,8,25,1473,,2,,,,,,
30,1000,12,y,all,25,1474,,3,,,,,,
30,1000,9.33,n,2,25,1475,,1,,,,,,
30,1000,10.67,n,all,25,1476,,2,,,,,,
30,5,0,n,3,25,1477,,3,,,,,,
30,0,0,y,9,25,1478,,1,,,,,,
30,1000,12,n,14,25,1479,,3,,,,,,
30,50,0,y,13,25,1480,,2,,,,,,
30,1000,8,n,12,25,1481,,1,,,,,,
30,50,0,y,3,25,1482,,3,,,,,,
30,1,0,n,10,25,1483,,1,,,,,,
30,1,0,y,none,25,1484,,1,,,,,,
30,400,0,n,6,25,1485,,2,,,,,,
30,1000,10.67,y,11,25,1486,,2,,,,,,
30,1000,6.67,n,14,25,1487,,1,,,,,,
30,25,0,y,1,25,1488,,2,,,,,,
30,1000,8,y,13,25,1489,,2,,,,,,
30,700,0,n,11,25,1490,,2,,,,,,
30,700,0,n,15,25,1491,,2,,,,,,
30,1000,10.67,y,5,25,1492,,1,,,,,,
30,1000,2.67,n,2,25,1493,,2,,,,,,
30,1000,0,n,11,25,1494,,3,,,,,,
30,700,0,n,14,25,1495,,3,,,,,,
30,0,0,n,13,25,1496,,2,,,,,,
30,0,0,y,1,25,1497,,3,,,,,,
30,0,0,y,2,25,1498,,3,,,,,,
30,1000,0,BLANK,BLANK,25,1499,,BLANK,,,,,,
30,25,0,n,5,25,1500,,2,,,,,,
30,1000,6.67,y,8,26,1501,,3,,,,,,
30,25,0,y,5,26,1502,,1,,,,,,
30,1,0,y,8,26,1503,,1,,,,,,
30,400,0,y,10,26,1504,,3,,,,,,
30,1000,5.33,y,11,26,1505,,2,,,,,,
30,1000,6.67,y,10,26,1506,,2,,,,,,
30,1000,0,y,8,26,1507,,2,,,,,,
30,100,0,y,10,26,1508,,1,,,,,,
30,5,0,n,12,26,1509,,1,,,,,,
30,1000,10.67,y,13,26,1510,,2,,,,,,
30,1000,5.33,y,14,26,1511,,1,,,,,,
30,1000,2.67,n,4,26,1512,,3,,,,,,
30,50,0,n,14,26,1513,,2,,,,,,
30,1000,1.33,y,2,26,1514,,1,,,,,,
30,0,0,n,6,26,1515,,3,,,,,,
30,10,0,y,13,26,1516,,2,,,,,,
30,10,0,y,13,26,1517,,3,,,,,,
30,1000,10.67,y,none,26,1518,,1,,,,,,
30,1000,8,y,7,26,1519,,1,,,,,,
30,700,0,n,13,26,1520,,2,,,,,,
30,1000,10.67,n,15,26,1521,,2,,,,,,
30,0,0,n,9,26,1522,,2,,,,,,
30,1000,0,y,14,26,1523,,2,,,,,,
30,1000,1.33,n,3,26,1524,,3,,,,,,
30,1000,9.33,n,1,26,1525,,1,,,,,,
30,1000,6.67,y,13,26,1526,,1,,,,,,
30,1,0,y,12,26,1527,,2,,,,,,
30,1000,10.67,n,1,26,1528,,2,,,,,,
30,10,0,n,12,26,1529,,2,,,,,,
30,1000,9.33,y,7,26,1530,,3,,,,,,
30,1000,0,n,2,26,1531,,3,,,,,,
30,1000,5.33,n,3,26,1532,,3,,,,,,
30,400,0,n,13,26,1533,,1,,,,,,
30,1000,9.33,n,5,26,1534,,3,,,,,,
30,25,0,y,all,26,1535,,1,,,,,,
30,1000,1.33,y,2,26,1536,,2,,,,,,
30,1000,12,n,11,26,1537,,1,,,,,,
30,700,0,y,8,26,1538,,2,,,,,,
30,1000,4,y,3,26,1539,,3,,,,,,
30,1000,6.67,y,1,26,1540,,1,,,,,,
30,1000,2.67,n,5,26,1541,,3,,,,,,
30,1000,0,y,11,26,1542,Got 4 instead of 11. ,1,,,,,,
30,5,0,n,9,26,1543,,3,,,,,,
30,1000,12,y,9,26,1544,,3,,,,,,
30,1000,5.33,y,9,26,1545,,2,,,,,,
30,1000,0,y,4,26,1546,,2,,,,,,
30,1000,0,y,12,26,1547,,2,,,,,,
30,0,0,y,12,26,1548,,2,,,,,,
30,50,0,y,none,26,1549,,2,,,,,,
30,1000,4,n,1,26,1550,,2,,,,,,
30,1000,5.33,n,2,26,1551,,1,,,,,,
30,1000,6.67,y,15,26,1552,,3,,,,,,
30,1000,8,n,9,26,1553,,3,,,,,,
30,100,0,n,7,26,1554,,1,,,,,,
30,400,0,y,11,26,1555,,1,,,,,,
30,1000,8,n,8,26,1556,,2,,,,,,
30,1000,12,y,12,26,1557,,1,,,,,,
30,1000,2.67,y,5,26,1558,,3,,,,,,
30,700,0,n,9,26,1559,,1,,,,,,
30,1000,0,y,1,26,1560,,3,,,,,,
30,1000,12,y,5,27,1561,,1,,,,,,
30,0,0,y,4,27,1562,,3,,,,,,
30,1000,1.33,y,12,27,1563,,1,,,,,,
30,0,0,y,5,27,1564,,1,,,,,,
30,1000,12,n,15,27,1565,,1,,,,,,
30,50,0,n,13,27,1566,,1,,,,,,
30,0,0,y,1,27,1567,,2,,,,,,
30,5,0,y,12,27,1568,,2,,,,,,
30,10,0,n,6,27,1569,,1,,,,,,
30,700,0,n,12,27,1570,,1,,,,,,
30,25,0,y,3,27,1571,,1,,,,,,
30,25,0,y,9,27,1572,,1,,,,,,
30,50,0,y,4,27,1573,,2,,,,,,
30,100,0,n,11,27,1574,,3,,,,,,
30,1000,4,n,8,27,1575,,1,,,,,,
30,50,0,n,4,27,1576,,1,,,,,,
30,10,0,y,4,27,1577,,3,,,,,,
30,1000,0,n,2,27,1578,,2,,,,,,
30,10,0,n,10,27,1579,,3,,,,,,
30,100,0,y,15,27,1580,,3,,,,,,
30,50,0,n,11,27,1581,,3,,,,,,
30,1000,4,y,15,27,1582,,3,,,,,,
30,50,0,n,4,27,1583,,3,,,,,,
30,1000,4,y,11,27,1584,,1,,,,,,
30,25,0,y,4,27,1585,,1,,,,,,
30,50,0,y,13,27,1586,,1,,,,,,
30,1000,6.67,n,13,27,1587,,2,,,,,,
30,0,0,n,7,27,1588,,1,,,,,,
30,1000,6.67,n,9,27,1589,,3,,,,,,
30,1000,9.33,y,2,27,1590,,1,,,,,,
30,400,0,n,8,27,1591,,2,,,,,,
30,10,0,n,3,27,1592,,1,,,,,,
30,400,0,y,13,27,1593,,1,,,,,,
30,1000,9.33,n,6,27,1594,,3,,,,,,
30,1000,10.67,n,3,27,1595,,3,,,,,,
30,0,0,y,none,27,1596,,2,,,,,,
30,25,0,y,1,27,1597,,3,,,,,,
30,25,0,y,none,27,1598,,1,,,,,,
30,25,0,y,all,27,1599,,2,,,,,,
30,5,0,y,4,27,1600,,2,,,,,,
30,1000,5.33,n,4,27,1601,,3,,,,,,
30,50,0,y,4,27,1602,,1,,,,,,
30,50,0,n,12,27,1603,,3,,,,,,
30,1000,9.33,n,14,27,1604,,1,,,,,,
30,10,0,n,all,27,1605,,3,,,,,,
30,10,0,y,3,27,1606,,3,,,,,,
30,1000,9.33,y,4,27,1607,,3,,,,,,
30,1,0,y,12,27,1608,,3,,,,,,
30,1000,10.67,n,3,27,1609,,1,,,,,,
30,1,0,y,11,27,1610,,3,,,,,,
30,700,0,y,15,27,1611,,3,,,,,,
30,5,0,y,13,27,1612,,2,,,,,,
30,1000,10.67,y,3,27,1613,,2,,,,,,
30,1000,6.67,y,4,27,1614,,3,,,,,,
30,1000,1.33,n,4,27,1615,,1,,,,,,
30,700,0,n,8,27,1616,,3,,,,,,
30,400,0,n,all,27,1617,,1,,,,,,
30,10,0,n,5,27,1618,,3,,,,,,
30,1000,0,n,3,27,1619,,2,,,,,,
30,1000,9.33,y,8,27,1620,,2,,,,,,
30,700,0,y,5,28,1621,,3,,,,,,
30,400,0,y,1,28,1622,,3,,,,,,
30,1000,2.67,n,10,28,1623,,3,,,,,,
30,1000,0,y,none,28,1624,,1,,,,,,
30,0,0,y,10,28,1625,,2,,,,,,
30,100,0,n,2,28,1626,,1,,,,,,
30,1000,8,n,15,28,1627,,2,,,,,,
30,700,0,y,6,28,1628,,1,,,,,,
30,1000,6.67,y,5,28,1629,,2,,,,,,
30,1000,2.67,n,1,28,1630,,2,,,,,,
30,400,0,y,5,28,1631,,3,,,,,,
30,0,0,n,15,28,1632,,3,,,,,,
30,1000,8,y,10,28,1633,,1,,,,,,
30,1,0,y,3,28,1634,,2,,,,,,
30,1,0,y,1,28,1635,,2,,,,,,
30,1000,2.67,y,13,28,1636,,2,,,,,,
30,1000,4,y,12,28,1637,,3,,,,,,
30,400,0,n,4,28,1638,,3,,,,,,
30,100,0,y,7,28,1639,,1,,,,,,
30,1000,8,y,all,28,1640,,3,,,,,,
30,1000,4,n,2,28,1641,,1,,,,,,
30,100,0,n,12,28,1642,,2,,,,,,
30,400,0,y,15,28,1643,,1,,,,,,
30,1000,0,BLANK,BLANK,28,1644,,BLANK,,,,,,
30,100,0,n,15,28,1645,,1,,,,,,
30,1000,0,y,10,28,1646,,2,,,,,,
30,1000,9.33,n,3,28,1647,,3,,,,,,
30,700,0,y,2,28,1648,,1,,,,,,
30,1,0,y,15,28,1649,,2,,,,,,
30,0,0,y,14,28,1650,,2,,,,,,
30,1000,4,n,1,28,1651,,1,,,,,,
30,25,0,y,2,28,1652,,2,,,,,,
30,0,0,n,13,28,1653,,1,,,,,,
30,10,0,n,8,28,1654,,2,,,,,,
30,1000,4,y,1,28,1655,,1,,,,,,
30,1000,5.33,y,2,28,1656,,1,,,,,,
30,1000,10.67,y,4,28,1657,,2,,,,,,
30,1000,4,y,9,28,1658,,1,,,,,,
30,1000,1.33,y,7,28,1659,,2,,,,,,
30,25,0,n,12,28,1660,,1,,,,,,
30,1000,0,y,12,28,1661,,1,,,,,,
30,1000,8,n,7,28,1662,,2,,,,,,
30,1000,12,n,9,28,1663,,2,,,,,,
30,0,0,y,all,28,1664,,1,,,,,,
30,700,0,n,3,28,1665,,1,,,,,,
30,1000,5.33,n,10,28,1666,,3,,,,,,
30,1000,1.33,y,14,28,1667,,3,,,,,,
30,1000,1.33,y,3,28,1668,,3,,,,,,
30,5,0,n,8,28,1669,,2,,,,,,
30,25,0,y,11,28,1670,,2,,,,,,
30,10,0,y,1,28,1671,,1,,,,,,
30,1000,6.67,n,8,28,1672,,2,,,,,,
30,0,0,n,2,28,1673,,3,,,,,,
30,1000,8,y,3,28,1674,,2,,,,,,
30,1000,1.33,y,5,28,1675,,2,,,,,,
30,400,0,y,12,28,1676,,1,,,,,,
30,0,0,n,1,28,1677,,2,,,,,,
30,1000,6.67,n,9,28,1678,,1,,,,,,
30,1000,12,y,5,28,1679,,3,,,,,,
30,1000,8,y,1,28,1680,,1,,,,,,
30,1000,6.67,n,6,29,1681,,3,,,,,,
30,1000,1.33,n,all,29,1682,,1,,,,,,
30,1000,12,y,6,29,1683,,1,,,,,,
30,1000,0,BLANK,BLANK,29,1684,,BLANK,,,,,,
30,10,0,y,11,29,1685,,3,,,,,,
30,1000,2.67,y,9,29,1686,,1,,,,,,
30,10,0,y,6,29,1687,,2,,,,,,
30,25,0,n,6,29,1688,,3,,,,,,
30,1000,10.67,y,15,29,1689,,1,,,,,,
30,1,0,n,14,29,1690,,3,,,,,,
30,400,0,y,5,29,1691,,2,,,,,,
30,1000,12,y,9,29,1692,,1,,,,,,
30,1000,0,y,4,29,1693,,3,,,,,,
30,1000,6.67,y,2,29,1694,,1,,,,,,
30,1000,0,BLANK,BLANK,29,1695,,BLANK,,,,,,
30,1000,9.33,y,15,29,1696,,2,,,,,,
30,400,0,y,12,29,1697,,3,,,,,,
30,0,0,n,11,29,1698,,2,,,,,,
30,10,0,y,3,29,1699,,1,,,,,,
30,100,0,y,6,29,1700,,2,,,,,,
30,5,0,y,8,29,1701,,2,,,,,,
30,400,0,y,4,29,1702,,1,,,,,,
30,1000,12,y,8,29,1703,,2,,,,,,
30,1000,4,n,13,29,1704,,2,,,,,,
30,1,0,y,8,29,1705,,3,,,,,,
30,1000,6.67,y,none,29,1706,,3,,,,,,
30,1000,1.33,y,4,29,1707,,1,,,,,,
30,1000,12,n,14,29,1708,,2,,,,,,
30,1000,2.67,y,9,29,1709,,2,,,,,,
30,1000,12,n,12,29,1710,,1,,,,,,
30,1000,10.67,n,10,29,1711,,1,,,,,,
30,1000,8,y,1,29,1712,,3,,,,,,
30,1000,0,n,15,29,1713,,3,,,,,,
30,1000,2.67,y,none,29,1714,,3,,,,,,
30,1000,0,n,5,29,1715,,3,,,,,,
30,1000,4,n,8,29,1716,,2,,,,,,
30,25,0,y,9,29,1717,,3,,,,,,
30,0,0,n,all,29,1718,,1,,,,,,
30,50,0,y,8,29,1719,,3,,,,,,
30,10,0,n,4,29,1720,,2,,,,,,
30,25,0,n,4,29,1721,,1,,,,,,
30,1000,10.67,n,13,29,1722,,2,,,,,,
30,1000,6.67,n,12,29,1723,,2,,,,,,
30,100,0,n,6,29,1724,,1,,,,,,
30,1000,0,BLANK,BLANK,29,1725,,BLANK,,,,,,
30,100,0,y,4,29,1726,,2,,,,,,
30,1000,2.67,n,13,29,1727,,2,,,,,,
30,1000,5.33,n,2,29,1728,,2,,,,,,
30,25,0,n,8,29,1729,,1,,,,,,
30,400,0,y,12,29,1730,,2,,,,,,
30,0,0,y,10,29,1731,,1,,,,,,
30,0,0,y,11,29,1732,,3,,,,,,
30,5,0,n,14,29,1733,,3,,,,,,
30,1000,1.33,n,8,29,1734,,1,,,,,,
30,1,0,n,1,29,1735,,3,,,,,,
30,1,0,n,13,29,1736,,1,,,,,,
30,50,0,n,3,29,1737,,2,,,,,,
30,1000,10.67,y,all,29,1738,,1,,,,,,
30,25,0,n,8,29,1739,,3,,,,,,
30,1000,0,y,7,29,1740,,3,,,,,,
30,1,0,n,14,30,1741,,2,,,,,,
30,1000,5.33,y,2,30,1742,,3,,,,,,
30,1000,8,n,3,30,1743,,2,,,,,,
30,1000,2.67,n,3,30,1744,,1,,,,,,
30,400,0,y,1,30,1745,,2,,,,,,
30,1000,5.33,n,4,30,1746,,1,,,,,,
30,1000,10.67,y,2,30,1747,,1,,,,,,
30,1000,8,n,1,30,1748,,1,,,,,,
30,1000,5.33,y,13,30,1749,,1,,,,,,
30,1000,0,y,2,30,1750,,2,,,,,,
30,0,0,y,2,30,1751,,2,,,,,,
30,1000,0,y,none,30,1752,,2,,,,,,
30,1000,12,y,3,30,1753,,3,,,,,,
30,1000,0,n,15,30,1754,,2,,,,,,
30,1000,5.33,n,14,30,1755,,2,,,,,,
30,1000,12,y,6,30,1756,,3,,,,,,
30,1000,8,y,3,30,1757,,3,,,,,,
30,1000,2.67,n,7,30,1758,,1,,,,,,
30,0,0,n,4,30,1759,,1,,,,,,
30,5,0,n,10,30,1760,,2,,,,,,
30,1000,0,n,all,30,1761,,3,,,,,,
30,1000,12,n,2,30,1762,,3,,,,,,
30,1000,2.67,y,none,30,1763,,1,,,,,,
30,1000,2.67,y,13,30,1764,,3,,,,,,
30,5,0,y,all,30,1765,,2,,,,,,
30,1000,6.67,y,14,30,1766,,1,,,,,,
30,700,0,y,5,30,1767,,1,,,,,,
30,1000,6.67,n,1,30,1768,,2,,,,,,
30,100,0,y,14,30,1769,,3,,,,,,
30,25,0,n,1,30,1770,,3,,,,,,
30,700,0,y,none,30,1771,,1,,,,,,
30,1000,4,n,2,30,1772,,3,,,,,,
30,1000,4,y,12,30,1773,,1,,,,,,
30,1,0,n,7,30,1774,,3,,,,,,
30,100,0,n,2,30,1775,,2,,,,,,
30,100,0,n,13,30,1776,,1,,,,,,
30,1000,2.67,y,15,30,1777,,3,,,,,,
30,100,0,n,13,30,1778,,3,,,,,,
30,1000,5.33,y,7,30,1779,,1,,,,,,
30,1000,8,y,4,30,1780,,1,,,,,,
30,1000,0,BLANK,BLANK,30,1781,,BLANK,,,,,,
30,1000,8,n,7,30,1782,,1,,,,,,
30,50,0,y,6,30,1783,,1,,,,,,
30,1000,1.33,n,10,30,1784,,1,,,,,,
30,1000,12,n,3,30,1785,,2,,,,,,
30,1000,8,n,14,30,1786,,3,,,,,,
30,100,0,y,9,30,1787,,2,,,,,,
30,1000,4,y,5,30,1788,,3,,,,,,
30,10,0,n,6,30,1789,,2,,,,,,
30,1000,10.67,y,14,30,1790,,2,,,,,,
30,1000,5.33,y,3,30,1791,,2,,,,,,
30,1000,10.67,n,8,30,1792,,3,,,,,,
30,1000,1.33,n,1,30,1793,,2,,,,,,
30,50,0,y,1,30,1794,,2,,,,,,
30,10,0,y,none,30,1795,,3,,,,,,
30,400,0,n,8,30,1796,,1,,,,,,
30,1000,6.67,n,7,30,1797,,3,,,,,,
30,1000,0,y,1,30,1798,,2,,,,,,
30,5,0,y,3,30,1799,,2,,,,,,
30,1000,12,n,1,30,1800,,2,,,,,,
30,5,0,y,14,31,1801,,2,,,,,,
30,5,0,y,3,31,1802,,1,,,,,,
30,50,0,n,10,31,1803,,1,,,,,,
30,50,0,n,9,31,1804,,3,,,,,,
30,10,0,n,11,31,1805,,1,,,,,,
30,50,0,y,8,31,1806,,2,,,,,,
30,1000,0,y,11,31,1807,,2,,,,,,
30,1,0,y,14,31,1808,,2,,,,,,
30,1000,8,n,13,31,1809,,3,,,,,,
30,10,0,y,11,31,1810,,2,,,,,,
30,50,0,n,11,31,1811,,2,,,,,,
30,25,0,n,3,31,1812,,2,,,,,,
30,1000,0,BLANK,BLANK,31,1813,,BLANK,,,,,,
30,1,0,y,4,31,1814,,1,,,,,,
30,1000,10.67,n,2,31,1815,,3,,,,,,
30,1,0,n,all,31,1816,,3,,,,,,
30,1000,5.33,y,15,31,1817,,2,,,,,,
30,0,0,y,14,31,1818,,3,,,,,,
30,1000,8,y,11,31,1819,,1,,,,,,
30,700,0,y,14,31,1820,,3,,,,,,
30,0,0,y,10,31,1821,,3,,,,,,
30,400,0,n,11,31,1822,,2,,,,,,
30,1,0,n,4,31,1823,,2,,,,,,
30,700,0,y,4,31,1824,,1,,,,,,
30,700,0,y,10,31,1825,,2,,,,,,
30,1000,12,n,6,31,1826,,1,,,,,,
30,700,0,n,5,31,1827,,1,,,,,,
30,400,0,y,15,31,1828,,2,,,,,,
30,1000,2.67,y,5,31,1829,,2,,,,,,
30,0,0,y,13,31,1830,,2,,,,,,
30,25,0,n,11,31,1831,,1,,,,,,
30,1000,8,n,13,31,1832,,1,,,,,,
30,10,0,y,2,31,1833,,2,,,,,,
30,100,0,y,13,31,1834,,2,,,,,,
30,50,0,y,15,31,1835,,1,,,,,,
30,5,0,y,10,31,1836,,2,,,,,,
30,5,0,n,14,31,1837,,1,,,,,,
30,1000,10.67,n,7,31,1838,,3,,,,,,
30,1000,9.33,y,13,31,1839,,3,,,,,,
30,1000,5.33,y,all,31,1840,,3,,,,,,
30,400,0,y,15,31,1841,,3,,,,,,
30,1000,8,y,5,31,1842,,2,,,,,,
30,400,0,y,13,31,1843,,3,,,,,,
30,1000,0,y,10,31,1844,,1,,,,,,
30,1000,4,y,10,31,1845,,2,,,,,,
30,1000,0,BLANK,BLANK,31,1846,,BLANK,,,,,,
30,5,0,n,6,31,1847,,1,,,,,,
30,5,0,n,13,31,1848,,1,,,,,,
30,50,0,n,8,31,1849,,1,,,,,,
30,100,0,y,6,31,1850,,1,,,,,,
30,1000,8,y,none,31,1851,,1,,,,,,
30,1000,0,n,13,31,1852,,3,,,,,,
30,50,0,n,3,31,1853,,3,,,,,,
30,50,0,y,10,31,1854,,3,,,,,,
30,100,0,y,8,31,1855,,1,,,,,,
30,5,0,y,all,31,1856,,3,,,,,,
30,1000,1.33,y,13,31,1857,,2,,,,,,
30,10,0,n,14,31,1858,,2,,,,,,
30,10,0,y,15,31,1859,,1,,,,,,
30,100,0,n,12,31,1860,,1,,,,,,
30,25,0,y,7,32,1861,,1,,,,,,
30,1000,1.33,n,13,32,1862,,3,,,,,,
30,10,0,n,4,32,1863,,3,,,,,,
30,1000,6.67,y,9,32,1864,,2,,,,,,
30,1000,6.67,n,1,32,1865,,3,,,,,,
30,1000,12,n,8,32,1866,,2,,,,,,
30,100,0,y,15,32,1867,,1,,,,,,
30,400,0,n,1,32,1868,,1,,,,,,
30,25,0,y,none,32,1869,,2,,,,,,
30,100,0,y,2,32,1870,,1,,,,,,
30,1000,12,n,12,32,1871,,2,,,,,,
30,100,0,n,1,32,1872,,1,,,,,,
30,100,0,y,13,32,1873,,3,,,,,,
30,1000,10.67,n,5,32,1874,,2,,,,,,
30,1000,2.67,n,11,32,1875,,1,,,,,,
30,1000,4,n,6,32,1876,,3,,,,,,
30,50,0,y,7,32,1877,,1,,,,,,
30,1000,9.33,y,11,32,1878,,3,,,,,,
30,1000,0,BLANK,BLANK,32,1879,,BLANK,,,,,,
30,1000,9.33,n,5,32,1880,,2,,,,,,
30,1000,8,n,6,32,1881,,3,,,,,,
30,1000,5.33,n,all,32,1882,,3,,,,,,
30,1000,10.67,n,6,32,1883,,2,,,,,,
30,5,0,y,2,32,1884,,2,,,,,,
30,100,0,n,14,32,1885,,3,,,,,,
30,1,0,n,4,32,1886,,1,,,,,,
30,1000,10.67,n,12,32,1887,,3,,,,,,
30,1000,4,n,all,32,1888,,3,,,,,,
30,1000,2.67,n,all,32,1889,,3,,,,,,
30,1,0,n,13,32,1890,,3,,,,,,
30,1000,0,BLANK,BLANK,32,1891,,BLANK,,,,,,
30,1000,0,y,6,32,1892,,3,,,,,,
30,1000,9.33,y,7,32,1893,,2,,,,,,
30,1000,4,n,12,32,1894,,1,,,,,,
30,0,0,n,14,32,1895,,3,,,,,,
30,1000,0,n,6,32,1896,,1,,,,,,
30,0,0,n,13,32,1897,,3,,,,,,
30,1000,0,n,6,32,1898,,2,,,,,,
30,0,0,n,15,32,1899,,1,,,,,,
30,50,0,y,5,32,1900,,2,,,,,,
30,1000,9.33,n,14,32,1901,,2,,,,,,
30,1000,12,y,1,32,1902,,2,,,,,,
30,1000,5.33,n,14,32,1903,,1,,,,,,
30,1000,10.67,y,5,32,1904,,3,,,,,,
30,400,0,n,3,32,1905,,2,,,,,,
30,700,0,y,3,32,1906,,3,,,,,,
30,0,0,n,5,32,1907,,1,,,,,,
30,0,0,n,4,32,1908,,2,,,,,,
30,50,0,y,12,32,1909,,1,,,,,,
30,1000,2.67,n,12,32,1910,,2,,,,,,
30,1000,9.33,n,all,32,1911,,2,,,,,,
30,25,0,y,12,32,1912,,3,,,,,,
30,1000,0,y,11,32,1913,,3,,,,,,
30,25,0,n,7,32,1914,,2,,,,,,
30,1000,4,n,3,32,1915,,2,,,,,,
30,5,0,n,all,32,1916,,1,,,,,,
30,1000,5.33,n,15,32,1917,,2,,,,,,
30,100,0,y,all,32,1918,,1,,,,,,
30,1000,9.33,n,11,32,1919,,1,,,,,,
30,1000,12,n,13,32,1920,,3,,,,,,
